USE [ThucTapSavis]
GO
INSERT [dbo].[Roles] ([Id], [Name], [Status]) VALUES (N'c2fc9b7a-1e45-4de5-b2ed-7cb4e84397cf', N'Admin', 1)
INSERT [dbo].[Roles] ([Id], [Name], [Status]) VALUES (N'1001d4d6-ebae-4c35-8332-7d2b1a60fa44', N'User', 1)
GO
INSERT [dbo].[Users] ([Id], [FullName], [UserName], [Password], [Email], [NumberPhone], [Status], [DiaChiCuThe], [Huyen], [RoleId], [Tinh], [Xa], [IdRole]) VALUES (N'e93237f3-0e4b-4fd0-a19b-2fe796c75743', N'Trương Quốc Lợi', N'loibug', N'12345678T', N'', N'0123456789', NULL, NULL, NULL, N'1001d4d6-ebae-4c35-8332-7d2b1a60fa44', NULL, NULL, N'00000000-0000-0000-0000-000000000000')
INSERT [dbo].[Users] ([Id], [FullName], [UserName], [Password], [Email], [NumberPhone], [Status], [DiaChiCuThe], [Huyen], [RoleId], [Tinh], [Xa], [IdRole]) VALUES (N'3e1ef0a0-9978-4a48-ad14-c808819ec723', N'Tuấn', N'tuan', N'123', N'tuan@gmail.com', N'012345689', 1, N'Số nhà 2', N'Hoài Đức', N'1001d4d6-ebae-4c35-8332-7d2b1a60fa44', N'Hà Nội', N'Phùng', N'00000000-0000-0000-0000-000000000000')
INSERT [dbo].[Users] ([Id], [FullName], [UserName], [Password], [Email], [NumberPhone], [Status], [DiaChiCuThe], [Huyen], [RoleId], [Tinh], [Xa], [IdRole]) VALUES (N'5cc4cda3-d02f-41ca-8923-d3fddfe8a126', N'Trương Quốc Lợi', N'loibug', N'12345678T', N'', N'0123456789', NULL, NULL, NULL, N'1001d4d6-ebae-4c35-8332-7d2b1a60fa44', NULL, NULL, N'00000000-0000-0000-0000-000000000000')
INSERT [dbo].[Users] ([Id], [FullName], [UserName], [Password], [Email], [NumberPhone], [Status], [DiaChiCuThe], [Huyen], [RoleId], [Tinh], [Xa], [IdRole]) VALUES (N'3b3c260b-3dde-4351-87af-eb089e69bf02', N'trê', N'tre', N'123', N'tre', N'tre', NULL, NULL, NULL, N'1001d4d6-ebae-4c35-8332-7d2b1a60fa44', NULL, NULL, N'00000000-0000-0000-0000-000000000000')
INSERT [dbo].[Users] ([Id], [FullName], [UserName], [Password], [Email], [NumberPhone], [Status], [DiaChiCuThe], [Huyen], [RoleId], [Tinh], [Xa], [IdRole]) VALUES (N'401df423-84c9-438a-978f-f7fc911837db', N'Nguyễn Duy Tuấn', N'tuan123', N'1234567T', N'tuan@gmail.com', N'0123456789', NULL, NULL, NULL, N'1001d4d6-ebae-4c35-8332-7d2b1a60fa44', NULL, NULL, N'00000000-0000-0000-0000-000000000000')
INSERT [dbo].[Users] ([Id], [FullName], [UserName], [Password], [Email], [NumberPhone], [Status], [DiaChiCuThe], [Huyen], [RoleId], [Tinh], [Xa], [IdRole]) VALUES (N'861a5ad4-5890-46bf-95a5-fc85ae80367d', N'Nguyễn Văn Thắng', N'thang', N'1234567T', N'thang1@gmail.com', N'0367180646', 1, N'Số nhà 1', N'Quận Bắc Từ Liêm', N'c2fc9b7a-1e45-4de5-b2ed-7cb4e84397cf', N'Hà Nội', N'Phường Minh Khai', N'c2fc9b7a-1e45-4de5-b2ed-7cb4e84397cf')
GO
INSERT [dbo].[Categories] ([Id], [Name], [Status]) VALUES (N'd6d95297-754f-4428-9504-21cf9a390eb5', N'Áo Hoodie', 1)
INSERT [dbo].[Categories] ([Id], [Name], [Status]) VALUES (N'a6b68fb7-e600-46db-b15f-2fe4e09b72a4', N'Áo Sweater', 1)
INSERT [dbo].[Categories] ([Id], [Name], [Status]) VALUES (N'e3098c0b-346a-4d2b-a645-30cf4b397500', N'Áo cộc', 0)
INSERT [dbo].[Categories] ([Id], [Name], [Status]) VALUES (N'b0349aa9-3622-445c-9b43-ddba60038279', N'Áo Polo', 1)
INSERT [dbo].[Categories] ([Id], [Name], [Status]) VALUES (N'de92d4b4-ba16-43d5-b7c3-fad74c97fe22', N'Áo thun', 1)
GO
INSERT [dbo].[Products] ([Id], [Name], [CategoryId], [Status]) VALUES (N'3b838f25-291c-410d-8dac-05e7b79afcb1', N'Áo Polo Outerity Polo Meowment', N'b0349aa9-3622-445c-9b43-ddba60038279', 1)
INSERT [dbo].[Products] ([Id], [Name], [CategoryId], [Status]) VALUES (N'a3ce510a-074a-4a51-b590-1bd0eeaa064d', N'Áo thun Outerity Meowment Tee', N'de92d4b4-ba16-43d5-b7c3-fad74c97fe22', 1)
INSERT [dbo].[Products] ([Id], [Name], [CategoryId], [Status]) VALUES (N'4d43e349-f7af-4789-b391-2fbaf497bfba', N'Áo 16', N'de92d4b4-ba16-43d5-b7c3-fad74c97fe22', 1)
INSERT [dbo].[Products] ([Id], [Name], [CategoryId], [Status]) VALUES (N'366039ad-b0a9-4f71-8ecf-3a1dc360d99d', N'tuấn báo', N'a6b68fb7-e600-46db-b15f-2fe4e09b72a4', 1)
INSERT [dbo].[Products] ([Id], [Name], [CategoryId], [Status]) VALUES (N'31e98018-a7ff-440f-931a-3d93b6ad111b', N'Áo 1', N'd6d95297-754f-4428-9504-21cf9a390eb5', 1)
INSERT [dbo].[Products] ([Id], [Name], [CategoryId], [Status]) VALUES (N'b2e05e32-fcb5-4828-bfd9-4c7e5e8ad8ac', N'Áo 3', N'd6d95297-754f-4428-9504-21cf9a390eb5', 1)
INSERT [dbo].[Products] ([Id], [Name], [CategoryId], [Status]) VALUES (N'55a286e9-4468-40b9-a21b-5590f151a53d', N'Áo 12', N'b0349aa9-3622-445c-9b43-ddba60038279', 1)
INSERT [dbo].[Products] ([Id], [Name], [CategoryId], [Status]) VALUES (N'7dd6a992-a6da-445a-8fb0-718aabc21dff', N'Áo  9', N'b0349aa9-3622-445c-9b43-ddba60038279', 1)
INSERT [dbo].[Products] ([Id], [Name], [CategoryId], [Status]) VALUES (N'3ac37b1c-d3e1-4243-a07c-8b5fc80a931e', N'Áo 11', N'b0349aa9-3622-445c-9b43-ddba60038279', 1)
INSERT [dbo].[Products] ([Id], [Name], [CategoryId], [Status]) VALUES (N'1455d77c-170d-4a55-825d-8c6f17510691', N'Áo 5', N'a6b68fb7-e600-46db-b15f-2fe4e09b72a4', 1)
INSERT [dbo].[Products] ([Id], [Name], [CategoryId], [Status]) VALUES (N'93d03f30-c3e7-420a-b909-92220a72f6b4', N'Áo 14', N'de92d4b4-ba16-43d5-b7c3-fad74c97fe22', 1)
INSERT [dbo].[Products] ([Id], [Name], [CategoryId], [Status]) VALUES (N'52f83c12-7e8a-42c8-9cf1-c0f92a7282a4', N'Áo 10', N'b0349aa9-3622-445c-9b43-ddba60038279', 1)
INSERT [dbo].[Products] ([Id], [Name], [CategoryId], [Status]) VALUES (N'5962de3a-c616-498f-a6e7-ca56ef9455d3', N'Áo 4', N'd6d95297-754f-4428-9504-21cf9a390eb5', 1)
INSERT [dbo].[Products] ([Id], [Name], [CategoryId], [Status]) VALUES (N'757851aa-3d6c-4df2-bf47-cb544ebc62e5', N'Áo 6', N'a6b68fb7-e600-46db-b15f-2fe4e09b72a4', 1)
INSERT [dbo].[Products] ([Id], [Name], [CategoryId], [Status]) VALUES (N'74e9bd7b-0b24-438a-8c33-ce82b9f3fde3', N'Áo 13', N'b0349aa9-3622-445c-9b43-ddba60038279', 1)
INSERT [dbo].[Products] ([Id], [Name], [CategoryId], [Status]) VALUES (N'ee8d11c6-0d5a-4a9e-af89-e2f833e6fd94', N'Áo 2', N'd6d95297-754f-4428-9504-21cf9a390eb5', 1)
INSERT [dbo].[Products] ([Id], [Name], [CategoryId], [Status]) VALUES (N'deebe34e-518f-4a9c-98e9-e3c244c7c590', N'Áo 15', N'de92d4b4-ba16-43d5-b7c3-fad74c97fe22', 1)
INSERT [dbo].[Products] ([Id], [Name], [CategoryId], [Status]) VALUES (N'4b75442b-73ca-4903-b674-e5cd70098576', N'Áo 7', N'a6b68fb7-e600-46db-b15f-2fe4e09b72a4', 1)
INSERT [dbo].[Products] ([Id], [Name], [CategoryId], [Status]) VALUES (N'39fb3633-9fb7-4c2b-b346-e8e4721356f1', N'Áo 8', N'a6b68fb7-e600-46db-b15f-2fe4e09b72a4', 1)
INSERT [dbo].[Products] ([Id], [Name], [CategoryId], [Status]) VALUES (N'905c10d8-9a72-4d9a-ad61-f34d4fe2c554', N'Tuấn báo', N'd6d95297-754f-4428-9504-21cf9a390eb5', 1)
GO
INSERT [dbo].[Colors] ([Id], [Name], [Status]) VALUES (N'5bc1a17e-a2c1-42bf-8de5-31cf2a0ee53a', N'Trắng', 1)
INSERT [dbo].[Colors] ([Id], [Name], [Status]) VALUES (N'79b80749-b18b-4875-9f27-75f5d6ad4f93', N'Đen', 1)
INSERT [dbo].[Colors] ([Id], [Name], [Status]) VALUES (N'47520ecd-4f7d-4786-b425-b2a4adbfe9be', N'Đỏ', 0)
INSERT [dbo].[Colors] ([Id], [Name], [Status]) VALUES (N'0ed1e297-5644-4bc7-9486-cf69bf7994a2', N'Kem', 1)
INSERT [dbo].[Colors] ([Id], [Name], [Status]) VALUES (N'7f697aeb-42fd-4c32-bc13-ed11f88ab74a', N'Xám', 1)
GO
INSERT [dbo].[Sizes] ([Id], [Name], [Status]) VALUES (N'c1377708-db38-440b-833d-0e99259e50bb', N'L', 1)
INSERT [dbo].[Sizes] ([Id], [Name], [Status]) VALUES (N'd1e0eec9-81a1-4dd8-a70f-469f1d0fe021', N'S', 1)
INSERT [dbo].[Sizes] ([Id], [Name], [Status]) VALUES (N'70591428-7358-4c0d-a7b7-4a30f1236f15', N'XL', 1)
INSERT [dbo].[Sizes] ([Id], [Name], [Status]) VALUES (N'6778ef5b-5901-46e2-9ca9-7bea36e4ff9b', N'M', 1)
INSERT [dbo].[Sizes] ([Id], [Name], [Status]) VALUES (N'a3c4f5d9-ab25-44b5-b3f8-d4505fcbbf62', N'XS', 0)
GO
INSERT [dbo].[ProductItems] ([Id], [ProductId], [ColorId], [SizeId], [AvaiableQuantity], [PriceAfterReduction], [CostPrice], [Status]) VALUES (N'cefa9c7e-0e44-4703-8a57-010b8dfde027', N'39fb3633-9fb7-4c2b-b346-e8e4721356f1', N'5bc1a17e-a2c1-42bf-8de5-31cf2a0ee53a', N'6778ef5b-5901-46e2-9ca9-7bea36e4ff9b', 1000, 125000, 250000, 1)
INSERT [dbo].[ProductItems] ([Id], [ProductId], [ColorId], [SizeId], [AvaiableQuantity], [PriceAfterReduction], [CostPrice], [Status]) VALUES (N'78094983-69d8-4e01-8a19-02436f488cfd', N'31e98018-a7ff-440f-931a-3d93b6ad111b', N'79b80749-b18b-4875-9f27-75f5d6ad4f93', N'6778ef5b-5901-46e2-9ca9-7bea36e4ff9b', 1000, 175000, 250000, 1)
INSERT [dbo].[ProductItems] ([Id], [ProductId], [ColorId], [SizeId], [AvaiableQuantity], [PriceAfterReduction], [CostPrice], [Status]) VALUES (N'e228738c-952b-42a4-9b13-03836a422869', N'deebe34e-518f-4a9c-98e9-e3c244c7c590', N'79b80749-b18b-4875-9f27-75f5d6ad4f93', N'70591428-7358-4c0d-a7b7-4a30f1236f15', 1000, 125000, 250000, 1)
INSERT [dbo].[ProductItems] ([Id], [ProductId], [ColorId], [SizeId], [AvaiableQuantity], [PriceAfterReduction], [CostPrice], [Status]) VALUES (N'acb3aa4f-1ba2-4f47-9dca-03ec19a0de36', N'39fb3633-9fb7-4c2b-b346-e8e4721356f1', N'79b80749-b18b-4875-9f27-75f5d6ad4f93', N'd1e0eec9-81a1-4dd8-a70f-469f1d0fe021', 1000, 125000, 250000, 1)
INSERT [dbo].[ProductItems] ([Id], [ProductId], [ColorId], [SizeId], [AvaiableQuantity], [PriceAfterReduction], [CostPrice], [Status]) VALUES (N'f8b53443-6fa8-4089-867e-04c0c14cd86d', N'4b75442b-73ca-4903-b674-e5cd70098576', N'47520ecd-4f7d-4786-b425-b2a4adbfe9be', N'6778ef5b-5901-46e2-9ca9-7bea36e4ff9b', 1000, 125000, 250000, 1)
INSERT [dbo].[ProductItems] ([Id], [ProductId], [ColorId], [SizeId], [AvaiableQuantity], [PriceAfterReduction], [CostPrice], [Status]) VALUES (N'5b445d13-0fa6-4d44-9a25-07d8132ac92f', N'74e9bd7b-0b24-438a-8c33-ce82b9f3fde3', N'0ed1e297-5644-4bc7-9486-cf69bf7994a2', N'70591428-7358-4c0d-a7b7-4a30f1236f15', 1000, NULL, 250000, 1)
INSERT [dbo].[ProductItems] ([Id], [ProductId], [ColorId], [SizeId], [AvaiableQuantity], [PriceAfterReduction], [CostPrice], [Status]) VALUES (N'a79612aa-8ece-4759-bccb-08417042dc7b', N'b2e05e32-fcb5-4828-bfd9-4c7e5e8ad8ac', N'47520ecd-4f7d-4786-b425-b2a4adbfe9be', N'6778ef5b-5901-46e2-9ca9-7bea36e4ff9b', 1000, 175000, 250000, 1)
INSERT [dbo].[ProductItems] ([Id], [ProductId], [ColorId], [SizeId], [AvaiableQuantity], [PriceAfterReduction], [CostPrice], [Status]) VALUES (N'4fb4a7cc-d2d3-4451-953d-08f69783133d', N'31e98018-a7ff-440f-931a-3d93b6ad111b', N'47520ecd-4f7d-4786-b425-b2a4adbfe9be', N'd1e0eec9-81a1-4dd8-a70f-469f1d0fe021', 1000, 175000, 250000, 1)
INSERT [dbo].[ProductItems] ([Id], [ProductId], [ColorId], [SizeId], [AvaiableQuantity], [PriceAfterReduction], [CostPrice], [Status]) VALUES (N'16af3ac3-6d11-46ae-902b-096bb53c6a5e', N'52f83c12-7e8a-42c8-9cf1-c0f92a7282a4', N'0ed1e297-5644-4bc7-9486-cf69bf7994a2', N'70591428-7358-4c0d-a7b7-4a30f1236f15', 1000, 152500, 250000, 1)
INSERT [dbo].[ProductItems] ([Id], [ProductId], [ColorId], [SizeId], [AvaiableQuantity], [PriceAfterReduction], [CostPrice], [Status]) VALUES (N'e8325143-5a0a-48d9-a194-097fba64a31e', N'74e9bd7b-0b24-438a-8c33-ce82b9f3fde3', N'79b80749-b18b-4875-9f27-75f5d6ad4f93', N'd1e0eec9-81a1-4dd8-a70f-469f1d0fe021', 1000, NULL, 250000, 1)
INSERT [dbo].[ProductItems] ([Id], [ProductId], [ColorId], [SizeId], [AvaiableQuantity], [PriceAfterReduction], [CostPrice], [Status]) VALUES (N'47fe58e6-1134-43ef-ac09-0a005a494cd7', N'1455d77c-170d-4a55-825d-8c6f17510691', N'47520ecd-4f7d-4786-b425-b2a4adbfe9be', N'a3c4f5d9-ab25-44b5-b3f8-d4505fcbbf62', 1000, 152500, 250000, 1)
INSERT [dbo].[ProductItems] ([Id], [ProductId], [ColorId], [SizeId], [AvaiableQuantity], [PriceAfterReduction], [CostPrice], [Status]) VALUES (N'27ee4b55-f7d2-4e33-9410-0a90057b505c', N'757851aa-3d6c-4df2-bf47-cb544ebc62e5', N'7f697aeb-42fd-4c32-bc13-ed11f88ab74a', N'a3c4f5d9-ab25-44b5-b3f8-d4505fcbbf62', 1000, 152500, 250000, 1)
INSERT [dbo].[ProductItems] ([Id], [ProductId], [ColorId], [SizeId], [AvaiableQuantity], [PriceAfterReduction], [CostPrice], [Status]) VALUES (N'80946317-347d-4ae7-980a-0ac1012b0749', N'93d03f30-c3e7-420a-b909-92220a72f6b4', N'7f697aeb-42fd-4c32-bc13-ed11f88ab74a', N'c1377708-db38-440b-833d-0e99259e50bb', 1000, 152500, 250000, 1)
INSERT [dbo].[ProductItems] ([Id], [ProductId], [ColorId], [SizeId], [AvaiableQuantity], [PriceAfterReduction], [CostPrice], [Status]) VALUES (N'ca456934-ab08-4e83-b042-0b214e59f341', N'4b75442b-73ca-4903-b674-e5cd70098576', N'0ed1e297-5644-4bc7-9486-cf69bf7994a2', N'c1377708-db38-440b-833d-0e99259e50bb', 1000, 125000, 250000, 1)
INSERT [dbo].[ProductItems] ([Id], [ProductId], [ColorId], [SizeId], [AvaiableQuantity], [PriceAfterReduction], [CostPrice], [Status]) VALUES (N'076baedd-2d10-4caf-a7fd-0d6ca93c5d36', N'1455d77c-170d-4a55-825d-8c6f17510691', N'79b80749-b18b-4875-9f27-75f5d6ad4f93', N'a3c4f5d9-ab25-44b5-b3f8-d4505fcbbf62', 1000, 152500, 250000, 1)
INSERT [dbo].[ProductItems] ([Id], [ProductId], [ColorId], [SizeId], [AvaiableQuantity], [PriceAfterReduction], [CostPrice], [Status]) VALUES (N'6a2d4ec7-758b-4eda-92bd-0e926a764945', N'4d43e349-f7af-4789-b391-2fbaf497bfba', N'47520ecd-4f7d-4786-b425-b2a4adbfe9be', N'c1377708-db38-440b-833d-0e99259e50bb', 1000, 200000, 250000, 1)
INSERT [dbo].[ProductItems] ([Id], [ProductId], [ColorId], [SizeId], [AvaiableQuantity], [PriceAfterReduction], [CostPrice], [Status]) VALUES (N'218daa80-ee92-4ffb-85c8-0ed02f99367f', N'a3ce510a-074a-4a51-b590-1bd0eeaa064d', N'79b80749-b18b-4875-9f27-75f5d6ad4f93', N'd1e0eec9-81a1-4dd8-a70f-469f1d0fe021', 943, 200000, 250000, 1)
INSERT [dbo].[ProductItems] ([Id], [ProductId], [ColorId], [SizeId], [AvaiableQuantity], [PriceAfterReduction], [CostPrice], [Status]) VALUES (N'a279c975-2b8a-4e41-b435-0eda43f96d8b', N'55a286e9-4468-40b9-a21b-5590f151a53d', N'47520ecd-4f7d-4786-b425-b2a4adbfe9be', N'd1e0eec9-81a1-4dd8-a70f-469f1d0fe021', 1000, 175000, 250000, 1)
INSERT [dbo].[ProductItems] ([Id], [ProductId], [ColorId], [SizeId], [AvaiableQuantity], [PriceAfterReduction], [CostPrice], [Status]) VALUES (N'd53dd74b-d2f8-4a66-a35d-0f2bbb23c34c', N'39fb3633-9fb7-4c2b-b346-e8e4721356f1', N'79b80749-b18b-4875-9f27-75f5d6ad4f93', N'6778ef5b-5901-46e2-9ca9-7bea36e4ff9b', 1000, 125000, 250000, 1)
INSERT [dbo].[ProductItems] ([Id], [ProductId], [ColorId], [SizeId], [AvaiableQuantity], [PriceAfterReduction], [CostPrice], [Status]) VALUES (N'49ce3d7b-9329-466e-8a69-0f6614729a6c', N'b2e05e32-fcb5-4828-bfd9-4c7e5e8ad8ac', N'0ed1e297-5644-4bc7-9486-cf69bf7994a2', N'70591428-7358-4c0d-a7b7-4a30f1236f15', 1000, 175000, 250000, 1)
INSERT [dbo].[ProductItems] ([Id], [ProductId], [ColorId], [SizeId], [AvaiableQuantity], [PriceAfterReduction], [CostPrice], [Status]) VALUES (N'abf973b3-5532-418f-ba15-0f6b25383b56', N'4d43e349-f7af-4789-b391-2fbaf497bfba', N'7f697aeb-42fd-4c32-bc13-ed11f88ab74a', N'6778ef5b-5901-46e2-9ca9-7bea36e4ff9b', 1000, 200000, 250000, 1)
INSERT [dbo].[ProductItems] ([Id], [ProductId], [ColorId], [SizeId], [AvaiableQuantity], [PriceAfterReduction], [CostPrice], [Status]) VALUES (N'7d2f7f6d-68cf-4454-93b5-0ff786c4e238', N'5962de3a-c616-498f-a6e7-ca56ef9455d3', N'0ed1e297-5644-4bc7-9486-cf69bf7994a2', N'a3c4f5d9-ab25-44b5-b3f8-d4505fcbbf62', 1000, 152500, 250000, 1)
INSERT [dbo].[ProductItems] ([Id], [ProductId], [ColorId], [SizeId], [AvaiableQuantity], [PriceAfterReduction], [CostPrice], [Status]) VALUES (N'6aa82f7e-3c9c-4e7d-8728-10350d7914b4', N'7dd6a992-a6da-445a-8fb0-718aabc21dff', N'5bc1a17e-a2c1-42bf-8de5-31cf2a0ee53a', N'd1e0eec9-81a1-4dd8-a70f-469f1d0fe021', 1000, 165000, 250000, 1)
INSERT [dbo].[ProductItems] ([Id], [ProductId], [ColorId], [SizeId], [AvaiableQuantity], [PriceAfterReduction], [CostPrice], [Status]) VALUES (N'dd5a54ef-375a-41ed-b439-10b9a4b28d7e', N'3b838f25-291c-410d-8dac-05e7b79afcb1', N'0ed1e297-5644-4bc7-9486-cf69bf7994a2', N'd1e0eec9-81a1-4dd8-a70f-469f1d0fe021', 956, 200000, 250000, 1)
INSERT [dbo].[ProductItems] ([Id], [ProductId], [ColorId], [SizeId], [AvaiableQuantity], [PriceAfterReduction], [CostPrice], [Status]) VALUES (N'0885ee4f-7044-4c43-ba2d-12c8804e5674', N'4d43e349-f7af-4789-b391-2fbaf497bfba', N'79b80749-b18b-4875-9f27-75f5d6ad4f93', N'a3c4f5d9-ab25-44b5-b3f8-d4505fcbbf62', 1000, 200000, 250000, 1)
INSERT [dbo].[ProductItems] ([Id], [ProductId], [ColorId], [SizeId], [AvaiableQuantity], [PriceAfterReduction], [CostPrice], [Status]) VALUES (N'c5f8ab9e-6612-4ada-9664-12cc117f5ca5', N'52f83c12-7e8a-42c8-9cf1-c0f92a7282a4', N'7f697aeb-42fd-4c32-bc13-ed11f88ab74a', N'a3c4f5d9-ab25-44b5-b3f8-d4505fcbbf62', 1000, 152500, 250000, 1)
INSERT [dbo].[ProductItems] ([Id], [ProductId], [ColorId], [SizeId], [AvaiableQuantity], [PriceAfterReduction], [CostPrice], [Status]) VALUES (N'808e28b2-2b1f-41c1-b2d0-130e00714174', N'39fb3633-9fb7-4c2b-b346-e8e4721356f1', N'7f697aeb-42fd-4c32-bc13-ed11f88ab74a', N'70591428-7358-4c0d-a7b7-4a30f1236f15', 1000, 125000, 250000, 1)
INSERT [dbo].[ProductItems] ([Id], [ProductId], [ColorId], [SizeId], [AvaiableQuantity], [PriceAfterReduction], [CostPrice], [Status]) VALUES (N'a2f13f27-dc19-4d89-8900-13de5952d6ef', N'757851aa-3d6c-4df2-bf47-cb544ebc62e5', N'79b80749-b18b-4875-9f27-75f5d6ad4f93', N'a3c4f5d9-ab25-44b5-b3f8-d4505fcbbf62', 1000, 152500, 250000, 1)
INSERT [dbo].[ProductItems] ([Id], [ProductId], [ColorId], [SizeId], [AvaiableQuantity], [PriceAfterReduction], [CostPrice], [Status]) VALUES (N'745b84cd-2c33-4431-a76e-14a0d334d4bf', N'deebe34e-518f-4a9c-98e9-e3c244c7c590', N'0ed1e297-5644-4bc7-9486-cf69bf7994a2', N'd1e0eec9-81a1-4dd8-a70f-469f1d0fe021', 1000, 125000, 250000, 1)
INSERT [dbo].[ProductItems] ([Id], [ProductId], [ColorId], [SizeId], [AvaiableQuantity], [PriceAfterReduction], [CostPrice], [Status]) VALUES (N'357fb416-6226-4369-add4-14a26668a022', N'93d03f30-c3e7-420a-b909-92220a72f6b4', N'79b80749-b18b-4875-9f27-75f5d6ad4f93', N'd1e0eec9-81a1-4dd8-a70f-469f1d0fe021', 1000, 152500, 250000, 1)
INSERT [dbo].[ProductItems] ([Id], [ProductId], [ColorId], [SizeId], [AvaiableQuantity], [PriceAfterReduction], [CostPrice], [Status]) VALUES (N'2ec3cdd4-ceb6-4418-b2a6-14cec4f9f1d9', N'3ac37b1c-d3e1-4243-a07c-8b5fc80a931e', N'5bc1a17e-a2c1-42bf-8de5-31cf2a0ee53a', N'c1377708-db38-440b-833d-0e99259e50bb', 1000, 152500, 250000, 1)
INSERT [dbo].[ProductItems] ([Id], [ProductId], [ColorId], [SizeId], [AvaiableQuantity], [PriceAfterReduction], [CostPrice], [Status]) VALUES (N'0b74a9d6-c208-4cac-9418-168a7d08a7d0', N'93d03f30-c3e7-420a-b909-92220a72f6b4', N'5bc1a17e-a2c1-42bf-8de5-31cf2a0ee53a', N'a3c4f5d9-ab25-44b5-b3f8-d4505fcbbf62', 1000, 152500, 250000, 1)
INSERT [dbo].[ProductItems] ([Id], [ProductId], [ColorId], [SizeId], [AvaiableQuantity], [PriceAfterReduction], [CostPrice], [Status]) VALUES (N'090fd827-b9fc-4396-9c03-172f22a3886e', N'b2e05e32-fcb5-4828-bfd9-4c7e5e8ad8ac', N'79b80749-b18b-4875-9f27-75f5d6ad4f93', N'6778ef5b-5901-46e2-9ca9-7bea36e4ff9b', 1000, 175000, 250000, 1)
INSERT [dbo].[ProductItems] ([Id], [ProductId], [ColorId], [SizeId], [AvaiableQuantity], [PriceAfterReduction], [CostPrice], [Status]) VALUES (N'11d093bd-c6b6-42cf-8f05-17e984da820a', N'4b75442b-73ca-4903-b674-e5cd70098576', N'47520ecd-4f7d-4786-b425-b2a4adbfe9be', N'c1377708-db38-440b-833d-0e99259e50bb', 1000, 125000, 250000, 1)
INSERT [dbo].[ProductItems] ([Id], [ProductId], [ColorId], [SizeId], [AvaiableQuantity], [PriceAfterReduction], [CostPrice], [Status]) VALUES (N'37a9c79d-15af-4b86-8155-180742f275cf', N'1455d77c-170d-4a55-825d-8c6f17510691', N'7f697aeb-42fd-4c32-bc13-ed11f88ab74a', N'70591428-7358-4c0d-a7b7-4a30f1236f15', 1000, 152500, 250000, 1)
INSERT [dbo].[ProductItems] ([Id], [ProductId], [ColorId], [SizeId], [AvaiableQuantity], [PriceAfterReduction], [CostPrice], [Status]) VALUES (N'72c884ce-2996-4887-9f36-1831bb3d9612', N'7dd6a992-a6da-445a-8fb0-718aabc21dff', N'0ed1e297-5644-4bc7-9486-cf69bf7994a2', N'd1e0eec9-81a1-4dd8-a70f-469f1d0fe021', 1000, 165000, 250000, 1)
INSERT [dbo].[ProductItems] ([Id], [ProductId], [ColorId], [SizeId], [AvaiableQuantity], [PriceAfterReduction], [CostPrice], [Status]) VALUES (N'6c6c7e6a-7a30-445a-bda0-18cb82784c69', N'757851aa-3d6c-4df2-bf47-cb544ebc62e5', N'47520ecd-4f7d-4786-b425-b2a4adbfe9be', N'70591428-7358-4c0d-a7b7-4a30f1236f15', 1000, 152500, 250000, 1)
INSERT [dbo].[ProductItems] ([Id], [ProductId], [ColorId], [SizeId], [AvaiableQuantity], [PriceAfterReduction], [CostPrice], [Status]) VALUES (N'7d1b03a9-6f4c-4863-b096-18e4e18f2d4c', N'7dd6a992-a6da-445a-8fb0-718aabc21dff', N'5bc1a17e-a2c1-42bf-8de5-31cf2a0ee53a', N'6778ef5b-5901-46e2-9ca9-7bea36e4ff9b', 1000, 165000, 250000, 1)
INSERT [dbo].[ProductItems] ([Id], [ProductId], [ColorId], [SizeId], [AvaiableQuantity], [PriceAfterReduction], [CostPrice], [Status]) VALUES (N'93cadb0b-b5ca-40cc-8830-1954a0f1c8a7', N'31e98018-a7ff-440f-931a-3d93b6ad111b', N'5bc1a17e-a2c1-42bf-8de5-31cf2a0ee53a', N'70591428-7358-4c0d-a7b7-4a30f1236f15', 1000, 175000, 250000, 1)
INSERT [dbo].[ProductItems] ([Id], [ProductId], [ColorId], [SizeId], [AvaiableQuantity], [PriceAfterReduction], [CostPrice], [Status]) VALUES (N'ec19c263-ab19-44bf-a857-19f7e0aafe96', N'55a286e9-4468-40b9-a21b-5590f151a53d', N'7f697aeb-42fd-4c32-bc13-ed11f88ab74a', N'c1377708-db38-440b-833d-0e99259e50bb', 1000, 175000, 250000, 1)
INSERT [dbo].[ProductItems] ([Id], [ProductId], [ColorId], [SizeId], [AvaiableQuantity], [PriceAfterReduction], [CostPrice], [Status]) VALUES (N'e376dc83-90b5-4b83-96a7-1a1cc238b6c4', N'7dd6a992-a6da-445a-8fb0-718aabc21dff', N'0ed1e297-5644-4bc7-9486-cf69bf7994a2', N'6778ef5b-5901-46e2-9ca9-7bea36e4ff9b', 1000, 165000, 250000, 1)
INSERT [dbo].[ProductItems] ([Id], [ProductId], [ColorId], [SizeId], [AvaiableQuantity], [PriceAfterReduction], [CostPrice], [Status]) VALUES (N'b5737393-b35d-4d99-a92c-1a3a524eda20', N'39fb3633-9fb7-4c2b-b346-e8e4721356f1', N'79b80749-b18b-4875-9f27-75f5d6ad4f93', N'c1377708-db38-440b-833d-0e99259e50bb', 1000, 125000, 250000, 1)
INSERT [dbo].[ProductItems] ([Id], [ProductId], [ColorId], [SizeId], [AvaiableQuantity], [PriceAfterReduction], [CostPrice], [Status]) VALUES (N'9ceab39e-063d-458d-893b-1a7a723d3365', N'ee8d11c6-0d5a-4a9e-af89-e2f833e6fd94', N'0ed1e297-5644-4bc7-9486-cf69bf7994a2', N'6778ef5b-5901-46e2-9ca9-7bea36e4ff9b', 1000, 152500, 250000, 1)
INSERT [dbo].[ProductItems] ([Id], [ProductId], [ColorId], [SizeId], [AvaiableQuantity], [PriceAfterReduction], [CostPrice], [Status]) VALUES (N'4d71c6c3-4b8d-4a50-a439-1cbdd981e83c', N'93d03f30-c3e7-420a-b909-92220a72f6b4', N'7f697aeb-42fd-4c32-bc13-ed11f88ab74a', N'a3c4f5d9-ab25-44b5-b3f8-d4505fcbbf62', 1000, 152500, 250000, 1)
INSERT [dbo].[ProductItems] ([Id], [ProductId], [ColorId], [SizeId], [AvaiableQuantity], [PriceAfterReduction], [CostPrice], [Status]) VALUES (N'9e4e0e8a-c305-4713-a2f6-1d692b2fa517', N'3ac37b1c-d3e1-4243-a07c-8b5fc80a931e', N'79b80749-b18b-4875-9f27-75f5d6ad4f93', N'a3c4f5d9-ab25-44b5-b3f8-d4505fcbbf62', 1000, 152500, 250000, 1)
INSERT [dbo].[ProductItems] ([Id], [ProductId], [ColorId], [SizeId], [AvaiableQuantity], [PriceAfterReduction], [CostPrice], [Status]) VALUES (N'023f3e19-7378-4bec-a262-1da7ae0543b9', N'31e98018-a7ff-440f-931a-3d93b6ad111b', N'5bc1a17e-a2c1-42bf-8de5-31cf2a0ee53a', N'c1377708-db38-440b-833d-0e99259e50bb', 1000, 175000, 250000, 1)
INSERT [dbo].[ProductItems] ([Id], [ProductId], [ColorId], [SizeId], [AvaiableQuantity], [PriceAfterReduction], [CostPrice], [Status]) VALUES (N'22ea93c0-eb30-40fb-b404-1e2d712a97b4', N'5962de3a-c616-498f-a6e7-ca56ef9455d3', N'7f697aeb-42fd-4c32-bc13-ed11f88ab74a', N'a3c4f5d9-ab25-44b5-b3f8-d4505fcbbf62', 1000, 152500, 250000, 1)
INSERT [dbo].[ProductItems] ([Id], [ProductId], [ColorId], [SizeId], [AvaiableQuantity], [PriceAfterReduction], [CostPrice], [Status]) VALUES (N'f2fefaa6-9163-430c-84c2-1ef58b09ab22', N'ee8d11c6-0d5a-4a9e-af89-e2f833e6fd94', N'0ed1e297-5644-4bc7-9486-cf69bf7994a2', N'a3c4f5d9-ab25-44b5-b3f8-d4505fcbbf62', 1000, 152500, 250000, 1)
INSERT [dbo].[ProductItems] ([Id], [ProductId], [ColorId], [SizeId], [AvaiableQuantity], [PriceAfterReduction], [CostPrice], [Status]) VALUES (N'48d91834-0b5f-45f0-9202-206e47c55759', N'a3ce510a-074a-4a51-b590-1bd0eeaa064d', N'5bc1a17e-a2c1-42bf-8de5-31cf2a0ee53a', N'd1e0eec9-81a1-4dd8-a70f-469f1d0fe021', 994, 200000, 250000, 1)
INSERT [dbo].[ProductItems] ([Id], [ProductId], [ColorId], [SizeId], [AvaiableQuantity], [PriceAfterReduction], [CostPrice], [Status]) VALUES (N'70149dbe-4c9f-48ff-a8cf-207c55f3bc11', N'55a286e9-4468-40b9-a21b-5590f151a53d', N'5bc1a17e-a2c1-42bf-8de5-31cf2a0ee53a', N'a3c4f5d9-ab25-44b5-b3f8-d4505fcbbf62', 1000, 175000, 250000, 1)
INSERT [dbo].[ProductItems] ([Id], [ProductId], [ColorId], [SizeId], [AvaiableQuantity], [PriceAfterReduction], [CostPrice], [Status]) VALUES (N'9f0c64b7-385a-4bca-b5f0-20888a5888ee', N'757851aa-3d6c-4df2-bf47-cb544ebc62e5', N'47520ecd-4f7d-4786-b425-b2a4adbfe9be', N'd1e0eec9-81a1-4dd8-a70f-469f1d0fe021', 1000, 152500, 250000, 1)
INSERT [dbo].[ProductItems] ([Id], [ProductId], [ColorId], [SizeId], [AvaiableQuantity], [PriceAfterReduction], [CostPrice], [Status]) VALUES (N'dd634415-4758-4e01-9401-20e148681866', N'a3ce510a-074a-4a51-b590-1bd0eeaa064d', N'7f697aeb-42fd-4c32-bc13-ed11f88ab74a', N'd1e0eec9-81a1-4dd8-a70f-469f1d0fe021', 984, 200000, 250000, 1)
INSERT [dbo].[ProductItems] ([Id], [ProductId], [ColorId], [SizeId], [AvaiableQuantity], [PriceAfterReduction], [CostPrice], [Status]) VALUES (N'2794e615-30e7-4441-a0ef-2350496fd962', N'ee8d11c6-0d5a-4a9e-af89-e2f833e6fd94', N'0ed1e297-5644-4bc7-9486-cf69bf7994a2', N'c1377708-db38-440b-833d-0e99259e50bb', 1000, 152500, 250000, 1)
INSERT [dbo].[ProductItems] ([Id], [ProductId], [ColorId], [SizeId], [AvaiableQuantity], [PriceAfterReduction], [CostPrice], [Status]) VALUES (N'20f8efb4-e2a8-4dc6-b71c-2354233af8a2', N'31e98018-a7ff-440f-931a-3d93b6ad111b', N'47520ecd-4f7d-4786-b425-b2a4adbfe9be', N'a3c4f5d9-ab25-44b5-b3f8-d4505fcbbf62', 1000, 175000, 250000, 1)
INSERT [dbo].[ProductItems] ([Id], [ProductId], [ColorId], [SizeId], [AvaiableQuantity], [PriceAfterReduction], [CostPrice], [Status]) VALUES (N'54b7dd45-3fcb-4360-aff1-237b3b3128cd', N'b2e05e32-fcb5-4828-bfd9-4c7e5e8ad8ac', N'5bc1a17e-a2c1-42bf-8de5-31cf2a0ee53a', N'c1377708-db38-440b-833d-0e99259e50bb', 1000, 175000, 250000, 1)
INSERT [dbo].[ProductItems] ([Id], [ProductId], [ColorId], [SizeId], [AvaiableQuantity], [PriceAfterReduction], [CostPrice], [Status]) VALUES (N'02cd257a-5a9a-492c-9de6-23c11c081961', N'52f83c12-7e8a-42c8-9cf1-c0f92a7282a4', N'0ed1e297-5644-4bc7-9486-cf69bf7994a2', N'6778ef5b-5901-46e2-9ca9-7bea36e4ff9b', 1000, 152500, 250000, 1)
INSERT [dbo].[ProductItems] ([Id], [ProductId], [ColorId], [SizeId], [AvaiableQuantity], [PriceAfterReduction], [CostPrice], [Status]) VALUES (N'e7fa58ad-c742-466b-bcb8-240cae03e586', N'5962de3a-c616-498f-a6e7-ca56ef9455d3', N'7f697aeb-42fd-4c32-bc13-ed11f88ab74a', N'c1377708-db38-440b-833d-0e99259e50bb', 1000, 152500, 250000, 1)
INSERT [dbo].[ProductItems] ([Id], [ProductId], [ColorId], [SizeId], [AvaiableQuantity], [PriceAfterReduction], [CostPrice], [Status]) VALUES (N'fa618ada-5fbd-4cf1-b904-25bf2414a100', N'5962de3a-c616-498f-a6e7-ca56ef9455d3', N'7f697aeb-42fd-4c32-bc13-ed11f88ab74a', N'70591428-7358-4c0d-a7b7-4a30f1236f15', 1000, 152500, 250000, 1)
INSERT [dbo].[ProductItems] ([Id], [ProductId], [ColorId], [SizeId], [AvaiableQuantity], [PriceAfterReduction], [CostPrice], [Status]) VALUES (N'cdd2fea8-6f72-42f1-af62-268b1fe1fd43', N'5962de3a-c616-498f-a6e7-ca56ef9455d3', N'47520ecd-4f7d-4786-b425-b2a4adbfe9be', N'c1377708-db38-440b-833d-0e99259e50bb', 1000, 152500, 250000, 1)
INSERT [dbo].[ProductItems] ([Id], [ProductId], [ColorId], [SizeId], [AvaiableQuantity], [PriceAfterReduction], [CostPrice], [Status]) VALUES (N'be7aa0aa-47c2-4477-8434-272f9bde4c5e', N'deebe34e-518f-4a9c-98e9-e3c244c7c590', N'5bc1a17e-a2c1-42bf-8de5-31cf2a0ee53a', N'70591428-7358-4c0d-a7b7-4a30f1236f15', 1000, 125000, 250000, 1)
INSERT [dbo].[ProductItems] ([Id], [ProductId], [ColorId], [SizeId], [AvaiableQuantity], [PriceAfterReduction], [CostPrice], [Status]) VALUES (N'4449bb9f-b629-437b-95c5-286eb6952ce8', N'4d43e349-f7af-4789-b391-2fbaf497bfba', N'5bc1a17e-a2c1-42bf-8de5-31cf2a0ee53a', N'c1377708-db38-440b-833d-0e99259e50bb', 1000, 200000, 250000, 1)
INSERT [dbo].[ProductItems] ([Id], [ProductId], [ColorId], [SizeId], [AvaiableQuantity], [PriceAfterReduction], [CostPrice], [Status]) VALUES (N'5a81eefd-a3a9-4974-b954-2929e0538063', N'74e9bd7b-0b24-438a-8c33-ce82b9f3fde3', N'47520ecd-4f7d-4786-b425-b2a4adbfe9be', N'70591428-7358-4c0d-a7b7-4a30f1236f15', 1000, 250000, 250000, 1)
INSERT [dbo].[ProductItems] ([Id], [ProductId], [ColorId], [SizeId], [AvaiableQuantity], [PriceAfterReduction], [CostPrice], [Status]) VALUES (N'02fa423a-73fc-4a51-a9aa-29e40f960c9f', N'74e9bd7b-0b24-438a-8c33-ce82b9f3fde3', N'7f697aeb-42fd-4c32-bc13-ed11f88ab74a', N'6778ef5b-5901-46e2-9ca9-7bea36e4ff9b', 1000, 250000, 250000, 1)
INSERT [dbo].[ProductItems] ([Id], [ProductId], [ColorId], [SizeId], [AvaiableQuantity], [PriceAfterReduction], [CostPrice], [Status]) VALUES (N'43f73243-4c7b-4c0a-9261-2aefe122e9c6', N'7dd6a992-a6da-445a-8fb0-718aabc21dff', N'7f697aeb-42fd-4c32-bc13-ed11f88ab74a', N'6778ef5b-5901-46e2-9ca9-7bea36e4ff9b', 1000, 165000, 250000, 1)
INSERT [dbo].[ProductItems] ([Id], [ProductId], [ColorId], [SizeId], [AvaiableQuantity], [PriceAfterReduction], [CostPrice], [Status]) VALUES (N'ab64dfd9-eff9-4213-b265-2b170e7ef11c', N'39fb3633-9fb7-4c2b-b346-e8e4721356f1', N'47520ecd-4f7d-4786-b425-b2a4adbfe9be', N'a3c4f5d9-ab25-44b5-b3f8-d4505fcbbf62', 1000, 125000, 250000, 1)
INSERT [dbo].[ProductItems] ([Id], [ProductId], [ColorId], [SizeId], [AvaiableQuantity], [PriceAfterReduction], [CostPrice], [Status]) VALUES (N'de35f925-bb1f-4de7-9146-2b61dba050a3', N'a3ce510a-074a-4a51-b590-1bd0eeaa064d', N'5bc1a17e-a2c1-42bf-8de5-31cf2a0ee53a', N'd1e0eec9-81a1-4dd8-a70f-469f1d0fe021', 1000, 200000, 250000, 1)
INSERT [dbo].[ProductItems] ([Id], [ProductId], [ColorId], [SizeId], [AvaiableQuantity], [PriceAfterReduction], [CostPrice], [Status]) VALUES (N'c29c4b50-618a-4d2e-a101-2c2bfa30be42', N'1455d77c-170d-4a55-825d-8c6f17510691', N'7f697aeb-42fd-4c32-bc13-ed11f88ab74a', N'c1377708-db38-440b-833d-0e99259e50bb', 1000, 152500, 250000, 1)
INSERT [dbo].[ProductItems] ([Id], [ProductId], [ColorId], [SizeId], [AvaiableQuantity], [PriceAfterReduction], [CostPrice], [Status]) VALUES (N'1ca181e7-bbdc-4c5e-ba09-2cbc11c3da3d', N'93d03f30-c3e7-420a-b909-92220a72f6b4', N'79b80749-b18b-4875-9f27-75f5d6ad4f93', N'70591428-7358-4c0d-a7b7-4a30f1236f15', 1000, 152500, 250000, 1)
INSERT [dbo].[ProductItems] ([Id], [ProductId], [ColorId], [SizeId], [AvaiableQuantity], [PriceAfterReduction], [CostPrice], [Status]) VALUES (N'a292bf38-051c-43a0-bd4a-2cc6efcdc96a', N'5962de3a-c616-498f-a6e7-ca56ef9455d3', N'47520ecd-4f7d-4786-b425-b2a4adbfe9be', N'd1e0eec9-81a1-4dd8-a70f-469f1d0fe021', 1000, 152500, 250000, 1)
INSERT [dbo].[ProductItems] ([Id], [ProductId], [ColorId], [SizeId], [AvaiableQuantity], [PriceAfterReduction], [CostPrice], [Status]) VALUES (N'71efdb82-1d37-4bd0-96c0-2cf2f857e25d', N'a3ce510a-074a-4a51-b590-1bd0eeaa064d', N'79b80749-b18b-4875-9f27-75f5d6ad4f93', N'd1e0eec9-81a1-4dd8-a70f-469f1d0fe021', 1000, 200000, 250000, 1)
INSERT [dbo].[ProductItems] ([Id], [ProductId], [ColorId], [SizeId], [AvaiableQuantity], [PriceAfterReduction], [CostPrice], [Status]) VALUES (N'89f06222-059f-4e5e-a313-2e361307f600', N'52f83c12-7e8a-42c8-9cf1-c0f92a7282a4', N'5bc1a17e-a2c1-42bf-8de5-31cf2a0ee53a', N'd1e0eec9-81a1-4dd8-a70f-469f1d0fe021', 1000, 152500, 250000, 1)
INSERT [dbo].[ProductItems] ([Id], [ProductId], [ColorId], [SizeId], [AvaiableQuantity], [PriceAfterReduction], [CostPrice], [Status]) VALUES (N'e17011fd-09e1-4bd6-ba41-2e5174dc5f1a', N'52f83c12-7e8a-42c8-9cf1-c0f92a7282a4', N'47520ecd-4f7d-4786-b425-b2a4adbfe9be', N'c1377708-db38-440b-833d-0e99259e50bb', 1000, 152500, 250000, 1)
INSERT [dbo].[ProductItems] ([Id], [ProductId], [ColorId], [SizeId], [AvaiableQuantity], [PriceAfterReduction], [CostPrice], [Status]) VALUES (N'c263324e-061a-4d7e-b3f6-2ebcf5368336', N'31e98018-a7ff-440f-931a-3d93b6ad111b', N'47520ecd-4f7d-4786-b425-b2a4adbfe9be', N'6778ef5b-5901-46e2-9ca9-7bea36e4ff9b', 1000, 175000, 250000, 1)
INSERT [dbo].[ProductItems] ([Id], [ProductId], [ColorId], [SizeId], [AvaiableQuantity], [PriceAfterReduction], [CostPrice], [Status]) VALUES (N'52a49265-375b-40e8-b43f-2f981125557b', N'39fb3633-9fb7-4c2b-b346-e8e4721356f1', N'0ed1e297-5644-4bc7-9486-cf69bf7994a2', N'70591428-7358-4c0d-a7b7-4a30f1236f15', 1000, 125000, 250000, 1)
INSERT [dbo].[ProductItems] ([Id], [ProductId], [ColorId], [SizeId], [AvaiableQuantity], [PriceAfterReduction], [CostPrice], [Status]) VALUES (N'c4476d09-d46f-4fe9-a2a3-2fc21b7bf89b', N'7dd6a992-a6da-445a-8fb0-718aabc21dff', N'5bc1a17e-a2c1-42bf-8de5-31cf2a0ee53a', N'70591428-7358-4c0d-a7b7-4a30f1236f15', 1000, 165000, 250000, 1)
INSERT [dbo].[ProductItems] ([Id], [ProductId], [ColorId], [SizeId], [AvaiableQuantity], [PriceAfterReduction], [CostPrice], [Status]) VALUES (N'7db1c232-eda6-4a41-96fe-30174e2dff58', N'1455d77c-170d-4a55-825d-8c6f17510691', N'5bc1a17e-a2c1-42bf-8de5-31cf2a0ee53a', N'c1377708-db38-440b-833d-0e99259e50bb', 1000, 152500, 250000, 1)
INSERT [dbo].[ProductItems] ([Id], [ProductId], [ColorId], [SizeId], [AvaiableQuantity], [PriceAfterReduction], [CostPrice], [Status]) VALUES (N'28a26a59-f6dd-45c4-80e0-302a8efca7eb', N'b2e05e32-fcb5-4828-bfd9-4c7e5e8ad8ac', N'5bc1a17e-a2c1-42bf-8de5-31cf2a0ee53a', N'a3c4f5d9-ab25-44b5-b3f8-d4505fcbbf62', 1000, 175000, 250000, 1)
INSERT [dbo].[ProductItems] ([Id], [ProductId], [ColorId], [SizeId], [AvaiableQuantity], [PriceAfterReduction], [CostPrice], [Status]) VALUES (N'e8e69ec9-080d-43d0-a370-30dcb33004ce', N'93d03f30-c3e7-420a-b909-92220a72f6b4', N'47520ecd-4f7d-4786-b425-b2a4adbfe9be', N'a3c4f5d9-ab25-44b5-b3f8-d4505fcbbf62', 1000, 152500, 250000, 1)
INSERT [dbo].[ProductItems] ([Id], [ProductId], [ColorId], [SizeId], [AvaiableQuantity], [PriceAfterReduction], [CostPrice], [Status]) VALUES (N'1bd22337-9cf2-49a3-a938-31259669ab7a', N'52f83c12-7e8a-42c8-9cf1-c0f92a7282a4', N'7f697aeb-42fd-4c32-bc13-ed11f88ab74a', N'70591428-7358-4c0d-a7b7-4a30f1236f15', 1000, 152500, 250000, 1)
INSERT [dbo].[ProductItems] ([Id], [ProductId], [ColorId], [SizeId], [AvaiableQuantity], [PriceAfterReduction], [CostPrice], [Status]) VALUES (N'9840fd07-1493-452f-8182-31c4c1e840df', N'39fb3633-9fb7-4c2b-b346-e8e4721356f1', N'5bc1a17e-a2c1-42bf-8de5-31cf2a0ee53a', N'70591428-7358-4c0d-a7b7-4a30f1236f15', 1000, 125000, 250000, 1)
INSERT [dbo].[ProductItems] ([Id], [ProductId], [ColorId], [SizeId], [AvaiableQuantity], [PriceAfterReduction], [CostPrice], [Status]) VALUES (N'29e200d2-536c-49e1-b4a2-31ea24e0c3c5', N'93d03f30-c3e7-420a-b909-92220a72f6b4', N'7f697aeb-42fd-4c32-bc13-ed11f88ab74a', N'd1e0eec9-81a1-4dd8-a70f-469f1d0fe021', 1000, 152500, 250000, 1)
INSERT [dbo].[ProductItems] ([Id], [ProductId], [ColorId], [SizeId], [AvaiableQuantity], [PriceAfterReduction], [CostPrice], [Status]) VALUES (N'7b255677-7537-4a88-a885-3213703d98cf', N'4d43e349-f7af-4789-b391-2fbaf497bfba', N'7f697aeb-42fd-4c32-bc13-ed11f88ab74a', N'd1e0eec9-81a1-4dd8-a70f-469f1d0fe021', 1000, 200000, 250000, 1)
INSERT [dbo].[ProductItems] ([Id], [ProductId], [ColorId], [SizeId], [AvaiableQuantity], [PriceAfterReduction], [CostPrice], [Status]) VALUES (N'f4366484-63ab-4317-abc4-32dd7a0282fb', N'4d43e349-f7af-4789-b391-2fbaf497bfba', N'5bc1a17e-a2c1-42bf-8de5-31cf2a0ee53a', N'a3c4f5d9-ab25-44b5-b3f8-d4505fcbbf62', 1000, 200000, 250000, 1)
INSERT [dbo].[ProductItems] ([Id], [ProductId], [ColorId], [SizeId], [AvaiableQuantity], [PriceAfterReduction], [CostPrice], [Status]) VALUES (N'56af16eb-7908-4be8-b51c-3385a6ebc0c7', N'4d43e349-f7af-4789-b391-2fbaf497bfba', N'5bc1a17e-a2c1-42bf-8de5-31cf2a0ee53a', N'6778ef5b-5901-46e2-9ca9-7bea36e4ff9b', 1000, 200000, 250000, 1)
INSERT [dbo].[ProductItems] ([Id], [ProductId], [ColorId], [SizeId], [AvaiableQuantity], [PriceAfterReduction], [CostPrice], [Status]) VALUES (N'93b4165f-b237-447a-8acc-33b3298899f6', N'31e98018-a7ff-440f-931a-3d93b6ad111b', N'0ed1e297-5644-4bc7-9486-cf69bf7994a2', N'c1377708-db38-440b-833d-0e99259e50bb', 1000, 175000, 250000, 1)
INSERT [dbo].[ProductItems] ([Id], [ProductId], [ColorId], [SizeId], [AvaiableQuantity], [PriceAfterReduction], [CostPrice], [Status]) VALUES (N'99881661-a172-47ad-b424-3447e1d09841', N'39fb3633-9fb7-4c2b-b346-e8e4721356f1', N'7f697aeb-42fd-4c32-bc13-ed11f88ab74a', N'6778ef5b-5901-46e2-9ca9-7bea36e4ff9b', 1000, 125000, 250000, 1)
INSERT [dbo].[ProductItems] ([Id], [ProductId], [ColorId], [SizeId], [AvaiableQuantity], [PriceAfterReduction], [CostPrice], [Status]) VALUES (N'63e1306f-11d3-414f-a5c3-348a6320299a', N'93d03f30-c3e7-420a-b909-92220a72f6b4', N'0ed1e297-5644-4bc7-9486-cf69bf7994a2', N'c1377708-db38-440b-833d-0e99259e50bb', 1000, 152500, 250000, 1)
INSERT [dbo].[ProductItems] ([Id], [ProductId], [ColorId], [SizeId], [AvaiableQuantity], [PriceAfterReduction], [CostPrice], [Status]) VALUES (N'7b6bbb94-cbc2-47ce-bc39-3508fa098791', N'52f83c12-7e8a-42c8-9cf1-c0f92a7282a4', N'5bc1a17e-a2c1-42bf-8de5-31cf2a0ee53a', N'70591428-7358-4c0d-a7b7-4a30f1236f15', 1000, 152500, 250000, 1)
INSERT [dbo].[ProductItems] ([Id], [ProductId], [ColorId], [SizeId], [AvaiableQuantity], [PriceAfterReduction], [CostPrice], [Status]) VALUES (N'bf5c1550-e40b-4ba9-b2d6-35338b59ae4d', N'757851aa-3d6c-4df2-bf47-cb544ebc62e5', N'79b80749-b18b-4875-9f27-75f5d6ad4f93', N'c1377708-db38-440b-833d-0e99259e50bb', 1000, 152500, 250000, 1)
INSERT [dbo].[ProductItems] ([Id], [ProductId], [ColorId], [SizeId], [AvaiableQuantity], [PriceAfterReduction], [CostPrice], [Status]) VALUES (N'a2f8f40e-e3eb-41e8-b1cc-35b3b0c6bbec', N'a3ce510a-074a-4a51-b590-1bd0eeaa064d', N'0ed1e297-5644-4bc7-9486-cf69bf7994a2', N'd1e0eec9-81a1-4dd8-a70f-469f1d0fe021', 983, 200000, 250000, 1)
INSERT [dbo].[ProductItems] ([Id], [ProductId], [ColorId], [SizeId], [AvaiableQuantity], [PriceAfterReduction], [CostPrice], [Status]) VALUES (N'c4c57681-6844-433c-a88c-36785f7c7f22', N'757851aa-3d6c-4df2-bf47-cb544ebc62e5', N'0ed1e297-5644-4bc7-9486-cf69bf7994a2', N'd1e0eec9-81a1-4dd8-a70f-469f1d0fe021', 1000, 152500, 250000, 1)
INSERT [dbo].[ProductItems] ([Id], [ProductId], [ColorId], [SizeId], [AvaiableQuantity], [PriceAfterReduction], [CostPrice], [Status]) VALUES (N'007b75af-d34f-4e82-96f4-371376c72134', N'b2e05e32-fcb5-4828-bfd9-4c7e5e8ad8ac', N'47520ecd-4f7d-4786-b425-b2a4adbfe9be', N'c1377708-db38-440b-833d-0e99259e50bb', 1000, 175000, 250000, 1)
INSERT [dbo].[ProductItems] ([Id], [ProductId], [ColorId], [SizeId], [AvaiableQuantity], [PriceAfterReduction], [CostPrice], [Status]) VALUES (N'4da1bac3-588c-40e9-9daa-374bd28dc416', N'52f83c12-7e8a-42c8-9cf1-c0f92a7282a4', N'47520ecd-4f7d-4786-b425-b2a4adbfe9be', N'a3c4f5d9-ab25-44b5-b3f8-d4505fcbbf62', 1000, 152500, 250000, 1)
INSERT [dbo].[ProductItems] ([Id], [ProductId], [ColorId], [SizeId], [AvaiableQuantity], [PriceAfterReduction], [CostPrice], [Status]) VALUES (N'3119b16b-cbc4-4d83-b3d0-37846539c4cd', N'3ac37b1c-d3e1-4243-a07c-8b5fc80a931e', N'7f697aeb-42fd-4c32-bc13-ed11f88ab74a', N'd1e0eec9-81a1-4dd8-a70f-469f1d0fe021', 1000, 152500, 250000, 1)
INSERT [dbo].[ProductItems] ([Id], [ProductId], [ColorId], [SizeId], [AvaiableQuantity], [PriceAfterReduction], [CostPrice], [Status]) VALUES (N'8ce4e427-c7ab-4f67-ba95-378cf509b988', N'ee8d11c6-0d5a-4a9e-af89-e2f833e6fd94', N'0ed1e297-5644-4bc7-9486-cf69bf7994a2', N'd1e0eec9-81a1-4dd8-a70f-469f1d0fe021', 1000, 152500, 250000, 1)
INSERT [dbo].[ProductItems] ([Id], [ProductId], [ColorId], [SizeId], [AvaiableQuantity], [PriceAfterReduction], [CostPrice], [Status]) VALUES (N'e8f5c065-0d84-46bf-8630-379fe7505ef0', N'7dd6a992-a6da-445a-8fb0-718aabc21dff', N'79b80749-b18b-4875-9f27-75f5d6ad4f93', N'c1377708-db38-440b-833d-0e99259e50bb', 1000, 165000, 250000, 1)
INSERT [dbo].[ProductItems] ([Id], [ProductId], [ColorId], [SizeId], [AvaiableQuantity], [PriceAfterReduction], [CostPrice], [Status]) VALUES (N'be1d075b-6c08-4717-995a-37a772f8b638', N'93d03f30-c3e7-420a-b909-92220a72f6b4', N'7f697aeb-42fd-4c32-bc13-ed11f88ab74a', N'6778ef5b-5901-46e2-9ca9-7bea36e4ff9b', 1000, 152500, 250000, 1)
INSERT [dbo].[ProductItems] ([Id], [ProductId], [ColorId], [SizeId], [AvaiableQuantity], [PriceAfterReduction], [CostPrice], [Status]) VALUES (N'f63a17b7-fecd-42ea-85c0-38c39787b379', N'ee8d11c6-0d5a-4a9e-af89-e2f833e6fd94', N'7f697aeb-42fd-4c32-bc13-ed11f88ab74a', N'd1e0eec9-81a1-4dd8-a70f-469f1d0fe021', 1000, 152500, 250000, 1)
INSERT [dbo].[ProductItems] ([Id], [ProductId], [ColorId], [SizeId], [AvaiableQuantity], [PriceAfterReduction], [CostPrice], [Status]) VALUES (N'd9079060-cfe1-4531-9af1-38db9b43e13b', N'a3ce510a-074a-4a51-b590-1bd0eeaa064d', N'0ed1e297-5644-4bc7-9486-cf69bf7994a2', N'd1e0eec9-81a1-4dd8-a70f-469f1d0fe021', 1000, 200000, 250000, 1)
INSERT [dbo].[ProductItems] ([Id], [ProductId], [ColorId], [SizeId], [AvaiableQuantity], [PriceAfterReduction], [CostPrice], [Status]) VALUES (N'4db74c56-7bc7-440f-ba8e-39821ee21957', N'39fb3633-9fb7-4c2b-b346-e8e4721356f1', N'5bc1a17e-a2c1-42bf-8de5-31cf2a0ee53a', N'a3c4f5d9-ab25-44b5-b3f8-d4505fcbbf62', 1000, 125000, 250000, 1)
GO
INSERT [dbo].[ProductItems] ([Id], [ProductId], [ColorId], [SizeId], [AvaiableQuantity], [PriceAfterReduction], [CostPrice], [Status]) VALUES (N'8953bf7e-8b23-4cc2-a7cc-3abf677e6c5b', N'b2e05e32-fcb5-4828-bfd9-4c7e5e8ad8ac', N'79b80749-b18b-4875-9f27-75f5d6ad4f93', N'c1377708-db38-440b-833d-0e99259e50bb', 1000, 175000, 250000, 1)
INSERT [dbo].[ProductItems] ([Id], [ProductId], [ColorId], [SizeId], [AvaiableQuantity], [PriceAfterReduction], [CostPrice], [Status]) VALUES (N'4f3a09fe-4e8f-4c78-8559-3c9590caae4f', N'1455d77c-170d-4a55-825d-8c6f17510691', N'0ed1e297-5644-4bc7-9486-cf69bf7994a2', N'a3c4f5d9-ab25-44b5-b3f8-d4505fcbbf62', 1000, 152500, 250000, 1)
INSERT [dbo].[ProductItems] ([Id], [ProductId], [ColorId], [SizeId], [AvaiableQuantity], [PriceAfterReduction], [CostPrice], [Status]) VALUES (N'ea65d886-93e6-4bf7-ba69-3ca28e4d3f9a', N'93d03f30-c3e7-420a-b909-92220a72f6b4', N'0ed1e297-5644-4bc7-9486-cf69bf7994a2', N'd1e0eec9-81a1-4dd8-a70f-469f1d0fe021', 1000, 152500, 250000, 1)
INSERT [dbo].[ProductItems] ([Id], [ProductId], [ColorId], [SizeId], [AvaiableQuantity], [PriceAfterReduction], [CostPrice], [Status]) VALUES (N'cde3febb-aa0e-4051-9b7f-3cc408dac9f9', N'3b838f25-291c-410d-8dac-05e7b79afcb1', N'0ed1e297-5644-4bc7-9486-cf69bf7994a2', N'd1e0eec9-81a1-4dd8-a70f-469f1d0fe021', 1000, 200000, 250000, 1)
INSERT [dbo].[ProductItems] ([Id], [ProductId], [ColorId], [SizeId], [AvaiableQuantity], [PriceAfterReduction], [CostPrice], [Status]) VALUES (N'c368e68b-f666-4909-bb91-3e093d0b867c', N'757851aa-3d6c-4df2-bf47-cb544ebc62e5', N'79b80749-b18b-4875-9f27-75f5d6ad4f93', N'6778ef5b-5901-46e2-9ca9-7bea36e4ff9b', 1000, 152500, 250000, 1)
INSERT [dbo].[ProductItems] ([Id], [ProductId], [ColorId], [SizeId], [AvaiableQuantity], [PriceAfterReduction], [CostPrice], [Status]) VALUES (N'd66b3015-9bb3-499b-8e73-3e36f6d39a1f', N'74e9bd7b-0b24-438a-8c33-ce82b9f3fde3', N'47520ecd-4f7d-4786-b425-b2a4adbfe9be', N'd1e0eec9-81a1-4dd8-a70f-469f1d0fe021', 1000, 250000, 250000, 1)
INSERT [dbo].[ProductItems] ([Id], [ProductId], [ColorId], [SizeId], [AvaiableQuantity], [PriceAfterReduction], [CostPrice], [Status]) VALUES (N'9bd839ce-012f-4d25-9720-3e59754a4ab1', N'5962de3a-c616-498f-a6e7-ca56ef9455d3', N'79b80749-b18b-4875-9f27-75f5d6ad4f93', N'70591428-7358-4c0d-a7b7-4a30f1236f15', 1000, 152500, 250000, 1)
INSERT [dbo].[ProductItems] ([Id], [ProductId], [ColorId], [SizeId], [AvaiableQuantity], [PriceAfterReduction], [CostPrice], [Status]) VALUES (N'e09cf835-ba30-4005-b222-3e9a22ea57e7', N'ee8d11c6-0d5a-4a9e-af89-e2f833e6fd94', N'79b80749-b18b-4875-9f27-75f5d6ad4f93', N'a3c4f5d9-ab25-44b5-b3f8-d4505fcbbf62', 1000, 152500, 250000, 1)
INSERT [dbo].[ProductItems] ([Id], [ProductId], [ColorId], [SizeId], [AvaiableQuantity], [PriceAfterReduction], [CostPrice], [Status]) VALUES (N'db7438f7-c6fa-4038-b055-3f500d9192d4', N'93d03f30-c3e7-420a-b909-92220a72f6b4', N'47520ecd-4f7d-4786-b425-b2a4adbfe9be', N'70591428-7358-4c0d-a7b7-4a30f1236f15', 1000, 152500, 250000, 1)
INSERT [dbo].[ProductItems] ([Id], [ProductId], [ColorId], [SizeId], [AvaiableQuantity], [PriceAfterReduction], [CostPrice], [Status]) VALUES (N'854a50b5-d061-43aa-9e9b-3fa556fb1169', N'ee8d11c6-0d5a-4a9e-af89-e2f833e6fd94', N'47520ecd-4f7d-4786-b425-b2a4adbfe9be', N'6778ef5b-5901-46e2-9ca9-7bea36e4ff9b', 1000, 152500, 250000, 1)
INSERT [dbo].[ProductItems] ([Id], [ProductId], [ColorId], [SizeId], [AvaiableQuantity], [PriceAfterReduction], [CostPrice], [Status]) VALUES (N'728811aa-6c76-4acc-be3f-400dfd31b01e', N'93d03f30-c3e7-420a-b909-92220a72f6b4', N'79b80749-b18b-4875-9f27-75f5d6ad4f93', N'c1377708-db38-440b-833d-0e99259e50bb', 1000, 152500, 250000, 1)
INSERT [dbo].[ProductItems] ([Id], [ProductId], [ColorId], [SizeId], [AvaiableQuantity], [PriceAfterReduction], [CostPrice], [Status]) VALUES (N'94084671-c276-4c08-a3b2-405a0a999c16', N'4d43e349-f7af-4789-b391-2fbaf497bfba', N'7f697aeb-42fd-4c32-bc13-ed11f88ab74a', N'70591428-7358-4c0d-a7b7-4a30f1236f15', 1000, 200000, 250000, 1)
INSERT [dbo].[ProductItems] ([Id], [ProductId], [ColorId], [SizeId], [AvaiableQuantity], [PriceAfterReduction], [CostPrice], [Status]) VALUES (N'2a4c4bbb-bae1-49f1-9bfa-40ab3ab98ff1', N'93d03f30-c3e7-420a-b909-92220a72f6b4', N'79b80749-b18b-4875-9f27-75f5d6ad4f93', N'6778ef5b-5901-46e2-9ca9-7bea36e4ff9b', 1000, 152500, 250000, 1)
INSERT [dbo].[ProductItems] ([Id], [ProductId], [ColorId], [SizeId], [AvaiableQuantity], [PriceAfterReduction], [CostPrice], [Status]) VALUES (N'6e545d0e-89ad-495c-9909-40b4576a6ccc', N'39fb3633-9fb7-4c2b-b346-e8e4721356f1', N'7f697aeb-42fd-4c32-bc13-ed11f88ab74a', N'a3c4f5d9-ab25-44b5-b3f8-d4505fcbbf62', 1000, 125000, 250000, 1)
INSERT [dbo].[ProductItems] ([Id], [ProductId], [ColorId], [SizeId], [AvaiableQuantity], [PriceAfterReduction], [CostPrice], [Status]) VALUES (N'768ba1ca-75a6-4393-b8e9-439204ae4e06', N'deebe34e-518f-4a9c-98e9-e3c244c7c590', N'79b80749-b18b-4875-9f27-75f5d6ad4f93', N'd1e0eec9-81a1-4dd8-a70f-469f1d0fe021', 1000, 125000, 250000, 1)
INSERT [dbo].[ProductItems] ([Id], [ProductId], [ColorId], [SizeId], [AvaiableQuantity], [PriceAfterReduction], [CostPrice], [Status]) VALUES (N'5281dffe-0018-4045-b378-44a5a009dfbf', N'757851aa-3d6c-4df2-bf47-cb544ebc62e5', N'5bc1a17e-a2c1-42bf-8de5-31cf2a0ee53a', N'c1377708-db38-440b-833d-0e99259e50bb', 1000, 152500, 250000, 1)
INSERT [dbo].[ProductItems] ([Id], [ProductId], [ColorId], [SizeId], [AvaiableQuantity], [PriceAfterReduction], [CostPrice], [Status]) VALUES (N'6dc549cf-7b7c-428f-9122-472d672b1bf8', N'5962de3a-c616-498f-a6e7-ca56ef9455d3', N'0ed1e297-5644-4bc7-9486-cf69bf7994a2', N'6778ef5b-5901-46e2-9ca9-7bea36e4ff9b', 1000, 152500, 250000, 1)
INSERT [dbo].[ProductItems] ([Id], [ProductId], [ColorId], [SizeId], [AvaiableQuantity], [PriceAfterReduction], [CostPrice], [Status]) VALUES (N'33721082-f94c-410a-89aa-48adc446f9b7', N'39fb3633-9fb7-4c2b-b346-e8e4721356f1', N'47520ecd-4f7d-4786-b425-b2a4adbfe9be', N'6778ef5b-5901-46e2-9ca9-7bea36e4ff9b', 1000, 125000, 250000, 1)
INSERT [dbo].[ProductItems] ([Id], [ProductId], [ColorId], [SizeId], [AvaiableQuantity], [PriceAfterReduction], [CostPrice], [Status]) VALUES (N'7482b795-37ab-4003-aa29-48e0eef85edd', N'74e9bd7b-0b24-438a-8c33-ce82b9f3fde3', N'0ed1e297-5644-4bc7-9486-cf69bf7994a2', N'c1377708-db38-440b-833d-0e99259e50bb', 1000, 250000, 250000, 1)
INSERT [dbo].[ProductItems] ([Id], [ProductId], [ColorId], [SizeId], [AvaiableQuantity], [PriceAfterReduction], [CostPrice], [Status]) VALUES (N'087f6b47-0134-44bf-a170-48ee0af2e72f', N'39fb3633-9fb7-4c2b-b346-e8e4721356f1', N'79b80749-b18b-4875-9f27-75f5d6ad4f93', N'a3c4f5d9-ab25-44b5-b3f8-d4505fcbbf62', 1000, 125000, 250000, 1)
INSERT [dbo].[ProductItems] ([Id], [ProductId], [ColorId], [SizeId], [AvaiableQuantity], [PriceAfterReduction], [CostPrice], [Status]) VALUES (N'e15fa4c8-07a4-4f51-993b-4b8ff3e9d021', N'52f83c12-7e8a-42c8-9cf1-c0f92a7282a4', N'7f697aeb-42fd-4c32-bc13-ed11f88ab74a', N'd1e0eec9-81a1-4dd8-a70f-469f1d0fe021', 1000, 152500, 250000, 1)
INSERT [dbo].[ProductItems] ([Id], [ProductId], [ColorId], [SizeId], [AvaiableQuantity], [PriceAfterReduction], [CostPrice], [Status]) VALUES (N'7ff4bcd0-9f49-4deb-b836-4ba0ebd30c04', N'39fb3633-9fb7-4c2b-b346-e8e4721356f1', N'0ed1e297-5644-4bc7-9486-cf69bf7994a2', N'6778ef5b-5901-46e2-9ca9-7bea36e4ff9b', 1000, 125000, 250000, 1)
INSERT [dbo].[ProductItems] ([Id], [ProductId], [ColorId], [SizeId], [AvaiableQuantity], [PriceAfterReduction], [CostPrice], [Status]) VALUES (N'07695a27-fed8-4b35-98da-4c2eca9165bd', N'7dd6a992-a6da-445a-8fb0-718aabc21dff', N'0ed1e297-5644-4bc7-9486-cf69bf7994a2', N'70591428-7358-4c0d-a7b7-4a30f1236f15', 1000, 165000, 250000, 1)
INSERT [dbo].[ProductItems] ([Id], [ProductId], [ColorId], [SizeId], [AvaiableQuantity], [PriceAfterReduction], [CostPrice], [Status]) VALUES (N'7e9268fa-bd17-4acd-ad98-4da539434c2f', N'93d03f30-c3e7-420a-b909-92220a72f6b4', N'0ed1e297-5644-4bc7-9486-cf69bf7994a2', N'6778ef5b-5901-46e2-9ca9-7bea36e4ff9b', 1000, 152500, 250000, 1)
INSERT [dbo].[ProductItems] ([Id], [ProductId], [ColorId], [SizeId], [AvaiableQuantity], [PriceAfterReduction], [CostPrice], [Status]) VALUES (N'7d029c90-0371-4afe-be16-4dacec2afe28', N'5962de3a-c616-498f-a6e7-ca56ef9455d3', N'79b80749-b18b-4875-9f27-75f5d6ad4f93', N'c1377708-db38-440b-833d-0e99259e50bb', 1000, 152500, 250000, 1)
INSERT [dbo].[ProductItems] ([Id], [ProductId], [ColorId], [SizeId], [AvaiableQuantity], [PriceAfterReduction], [CostPrice], [Status]) VALUES (N'0041bd29-0503-48e0-a626-4dadf2affb0b', N'55a286e9-4468-40b9-a21b-5590f151a53d', N'79b80749-b18b-4875-9f27-75f5d6ad4f93', N'6778ef5b-5901-46e2-9ca9-7bea36e4ff9b', 1000, 175000, 250000, 1)
INSERT [dbo].[ProductItems] ([Id], [ProductId], [ColorId], [SizeId], [AvaiableQuantity], [PriceAfterReduction], [CostPrice], [Status]) VALUES (N'378f2fa0-e701-4782-ad7c-4de08d3be1bd', N'74e9bd7b-0b24-438a-8c33-ce82b9f3fde3', N'7f697aeb-42fd-4c32-bc13-ed11f88ab74a', N'a3c4f5d9-ab25-44b5-b3f8-d4505fcbbf62', 1000, 250000, 250000, 1)
INSERT [dbo].[ProductItems] ([Id], [ProductId], [ColorId], [SizeId], [AvaiableQuantity], [PriceAfterReduction], [CostPrice], [Status]) VALUES (N'b6fea6c5-fea1-49c7-80bb-4e703c91a905', N'3b838f25-291c-410d-8dac-05e7b79afcb1', N'79b80749-b18b-4875-9f27-75f5d6ad4f93', N'd1e0eec9-81a1-4dd8-a70f-469f1d0fe021', 975, 150000, 250000, 1)
INSERT [dbo].[ProductItems] ([Id], [ProductId], [ColorId], [SizeId], [AvaiableQuantity], [PriceAfterReduction], [CostPrice], [Status]) VALUES (N'adf8e940-28df-47e1-8bf2-4e7ec92ec784', N'a3ce510a-074a-4a51-b590-1bd0eeaa064d', N'5bc1a17e-a2c1-42bf-8de5-31cf2a0ee53a', N'd1e0eec9-81a1-4dd8-a70f-469f1d0fe021', 1000, 200000, 250000, 1)
INSERT [dbo].[ProductItems] ([Id], [ProductId], [ColorId], [SizeId], [AvaiableQuantity], [PriceAfterReduction], [CostPrice], [Status]) VALUES (N'be3dc5c9-35d0-4654-a4ab-4eb4d0b5efb1', N'74e9bd7b-0b24-438a-8c33-ce82b9f3fde3', N'7f697aeb-42fd-4c32-bc13-ed11f88ab74a', N'c1377708-db38-440b-833d-0e99259e50bb', 1000, 250000, 250000, 1)
INSERT [dbo].[ProductItems] ([Id], [ProductId], [ColorId], [SizeId], [AvaiableQuantity], [PriceAfterReduction], [CostPrice], [Status]) VALUES (N'66c3b98c-4daa-4126-afc8-4f858ee98626', N'5962de3a-c616-498f-a6e7-ca56ef9455d3', N'47520ecd-4f7d-4786-b425-b2a4adbfe9be', N'70591428-7358-4c0d-a7b7-4a30f1236f15', 1000, 152500, 250000, 1)
INSERT [dbo].[ProductItems] ([Id], [ProductId], [ColorId], [SizeId], [AvaiableQuantity], [PriceAfterReduction], [CostPrice], [Status]) VALUES (N'b814bd8b-f621-452c-814b-50289b1fa5e3', N'757851aa-3d6c-4df2-bf47-cb544ebc62e5', N'5bc1a17e-a2c1-42bf-8de5-31cf2a0ee53a', N'a3c4f5d9-ab25-44b5-b3f8-d4505fcbbf62', 1000, 152500, 250000, 1)
INSERT [dbo].[ProductItems] ([Id], [ProductId], [ColorId], [SizeId], [AvaiableQuantity], [PriceAfterReduction], [CostPrice], [Status]) VALUES (N'8cf46e32-657c-4c2d-a6b3-51a4590fca20', N'31e98018-a7ff-440f-931a-3d93b6ad111b', N'47520ecd-4f7d-4786-b425-b2a4adbfe9be', N'70591428-7358-4c0d-a7b7-4a30f1236f15', 1000, 175000, 250000, 1)
INSERT [dbo].[ProductItems] ([Id], [ProductId], [ColorId], [SizeId], [AvaiableQuantity], [PriceAfterReduction], [CostPrice], [Status]) VALUES (N'e565e206-efee-4dab-b150-51cd06f5cb7c', N'3ac37b1c-d3e1-4243-a07c-8b5fc80a931e', N'5bc1a17e-a2c1-42bf-8de5-31cf2a0ee53a', N'd1e0eec9-81a1-4dd8-a70f-469f1d0fe021', 1000, 152500, 250000, 1)
INSERT [dbo].[ProductItems] ([Id], [ProductId], [ColorId], [SizeId], [AvaiableQuantity], [PriceAfterReduction], [CostPrice], [Status]) VALUES (N'609ac6f1-73d1-4f23-95cf-520ecc25df42', N'3ac37b1c-d3e1-4243-a07c-8b5fc80a931e', N'0ed1e297-5644-4bc7-9486-cf69bf7994a2', N'70591428-7358-4c0d-a7b7-4a30f1236f15', 1000, 152500, 250000, 1)
INSERT [dbo].[ProductItems] ([Id], [ProductId], [ColorId], [SizeId], [AvaiableQuantity], [PriceAfterReduction], [CostPrice], [Status]) VALUES (N'96876713-8c3a-4db1-a72c-5220c715b81b', N'a3ce510a-074a-4a51-b590-1bd0eeaa064d', N'0ed1e297-5644-4bc7-9486-cf69bf7994a2', N'd1e0eec9-81a1-4dd8-a70f-469f1d0fe021', 1000, 200000, 250000, 1)
INSERT [dbo].[ProductItems] ([Id], [ProductId], [ColorId], [SizeId], [AvaiableQuantity], [PriceAfterReduction], [CostPrice], [Status]) VALUES (N'58702e26-9517-4437-9eb5-5251143e1f77', N'4d43e349-f7af-4789-b391-2fbaf497bfba', N'7f697aeb-42fd-4c32-bc13-ed11f88ab74a', N'a3c4f5d9-ab25-44b5-b3f8-d4505fcbbf62', 1000, 200000, 250000, 1)
INSERT [dbo].[ProductItems] ([Id], [ProductId], [ColorId], [SizeId], [AvaiableQuantity], [PriceAfterReduction], [CostPrice], [Status]) VALUES (N'2651c777-63ef-45be-a3ec-5298a964b1f4', N'1455d77c-170d-4a55-825d-8c6f17510691', N'79b80749-b18b-4875-9f27-75f5d6ad4f93', N'70591428-7358-4c0d-a7b7-4a30f1236f15', 1000, 152500, 250000, 1)
INSERT [dbo].[ProductItems] ([Id], [ProductId], [ColorId], [SizeId], [AvaiableQuantity], [PriceAfterReduction], [CostPrice], [Status]) VALUES (N'da6a040a-b82f-4cc0-bbee-52aee76e52d0', N'31e98018-a7ff-440f-931a-3d93b6ad111b', N'47520ecd-4f7d-4786-b425-b2a4adbfe9be', N'c1377708-db38-440b-833d-0e99259e50bb', 1000, 175000, 250000, 1)
INSERT [dbo].[ProductItems] ([Id], [ProductId], [ColorId], [SizeId], [AvaiableQuantity], [PriceAfterReduction], [CostPrice], [Status]) VALUES (N'5b8609e6-f8e5-4dcf-a4b8-52b2eb4e2d60', N'55a286e9-4468-40b9-a21b-5590f151a53d', N'0ed1e297-5644-4bc7-9486-cf69bf7994a2', N'70591428-7358-4c0d-a7b7-4a30f1236f15', 1000, 175000, 250000, 1)
INSERT [dbo].[ProductItems] ([Id], [ProductId], [ColorId], [SizeId], [AvaiableQuantity], [PriceAfterReduction], [CostPrice], [Status]) VALUES (N'f8b98bab-59c7-40ca-b021-530518e15e6f', N'3ac37b1c-d3e1-4243-a07c-8b5fc80a931e', N'47520ecd-4f7d-4786-b425-b2a4adbfe9be', N'c1377708-db38-440b-833d-0e99259e50bb', 1000, 152500, 250000, 1)
INSERT [dbo].[ProductItems] ([Id], [ProductId], [ColorId], [SizeId], [AvaiableQuantity], [PriceAfterReduction], [CostPrice], [Status]) VALUES (N'401f5f62-740e-4c44-bb12-53c3c3732046', N'55a286e9-4468-40b9-a21b-5590f151a53d', N'0ed1e297-5644-4bc7-9486-cf69bf7994a2', N'd1e0eec9-81a1-4dd8-a70f-469f1d0fe021', 1000, 175000, 250000, 1)
INSERT [dbo].[ProductItems] ([Id], [ProductId], [ColorId], [SizeId], [AvaiableQuantity], [PriceAfterReduction], [CostPrice], [Status]) VALUES (N'f02dea50-5089-4822-a891-55f2ab9dc92c', N'52f83c12-7e8a-42c8-9cf1-c0f92a7282a4', N'5bc1a17e-a2c1-42bf-8de5-31cf2a0ee53a', N'a3c4f5d9-ab25-44b5-b3f8-d4505fcbbf62', 1000, 152500, 250000, 1)
INSERT [dbo].[ProductItems] ([Id], [ProductId], [ColorId], [SizeId], [AvaiableQuantity], [PriceAfterReduction], [CostPrice], [Status]) VALUES (N'3b838e4a-3c1a-4125-a6d1-560c2e62eccf', N'55a286e9-4468-40b9-a21b-5590f151a53d', N'47520ecd-4f7d-4786-b425-b2a4adbfe9be', N'a3c4f5d9-ab25-44b5-b3f8-d4505fcbbf62', 1000, 175000, 250000, 1)
INSERT [dbo].[ProductItems] ([Id], [ProductId], [ColorId], [SizeId], [AvaiableQuantity], [PriceAfterReduction], [CostPrice], [Status]) VALUES (N'5551decf-3424-4dc9-aa77-56658c76f83a', N'3ac37b1c-d3e1-4243-a07c-8b5fc80a931e', N'0ed1e297-5644-4bc7-9486-cf69bf7994a2', N'a3c4f5d9-ab25-44b5-b3f8-d4505fcbbf62', 1000, 152500, 250000, 1)
INSERT [dbo].[ProductItems] ([Id], [ProductId], [ColorId], [SizeId], [AvaiableQuantity], [PriceAfterReduction], [CostPrice], [Status]) VALUES (N'f9dc4355-35a3-492c-ba2f-569652611d42', N'5962de3a-c616-498f-a6e7-ca56ef9455d3', N'5bc1a17e-a2c1-42bf-8de5-31cf2a0ee53a', N'6778ef5b-5901-46e2-9ca9-7bea36e4ff9b', 1000, 152500, 250000, 1)
INSERT [dbo].[ProductItems] ([Id], [ProductId], [ColorId], [SizeId], [AvaiableQuantity], [PriceAfterReduction], [CostPrice], [Status]) VALUES (N'520a19d6-bdd8-4362-ac7a-56d81855051d', N'93d03f30-c3e7-420a-b909-92220a72f6b4', N'7f697aeb-42fd-4c32-bc13-ed11f88ab74a', N'70591428-7358-4c0d-a7b7-4a30f1236f15', 1000, 152500, 250000, 1)
INSERT [dbo].[ProductItems] ([Id], [ProductId], [ColorId], [SizeId], [AvaiableQuantity], [PriceAfterReduction], [CostPrice], [Status]) VALUES (N'a26d8db5-9526-404c-a64e-572d4dae5139', N'4d43e349-f7af-4789-b391-2fbaf497bfba', N'79b80749-b18b-4875-9f27-75f5d6ad4f93', N'd1e0eec9-81a1-4dd8-a70f-469f1d0fe021', 1000, 200000, 250000, 1)
INSERT [dbo].[ProductItems] ([Id], [ProductId], [ColorId], [SizeId], [AvaiableQuantity], [PriceAfterReduction], [CostPrice], [Status]) VALUES (N'92fafb38-2613-4fe1-9450-584ac216d0a3', N'31e98018-a7ff-440f-931a-3d93b6ad111b', N'79b80749-b18b-4875-9f27-75f5d6ad4f93', N'c1377708-db38-440b-833d-0e99259e50bb', 1000, 175000, 250000, 1)
INSERT [dbo].[ProductItems] ([Id], [ProductId], [ColorId], [SizeId], [AvaiableQuantity], [PriceAfterReduction], [CostPrice], [Status]) VALUES (N'e49d44e8-d67c-4d81-bde6-5b781fee5bf8', N'55a286e9-4468-40b9-a21b-5590f151a53d', N'7f697aeb-42fd-4c32-bc13-ed11f88ab74a', N'70591428-7358-4c0d-a7b7-4a30f1236f15', 1000, 175000, 250000, 1)
INSERT [dbo].[ProductItems] ([Id], [ProductId], [ColorId], [SizeId], [AvaiableQuantity], [PriceAfterReduction], [CostPrice], [Status]) VALUES (N'c0bf2408-f442-45c4-9f3f-5cecfa4e4fe9', N'3ac37b1c-d3e1-4243-a07c-8b5fc80a931e', N'7f697aeb-42fd-4c32-bc13-ed11f88ab74a', N'6778ef5b-5901-46e2-9ca9-7bea36e4ff9b', 1000, 152500, 250000, 1)
INSERT [dbo].[ProductItems] ([Id], [ProductId], [ColorId], [SizeId], [AvaiableQuantity], [PriceAfterReduction], [CostPrice], [Status]) VALUES (N'e8dbb0cd-c7c1-4b83-a725-5d5bbecb8132', N'a3ce510a-074a-4a51-b590-1bd0eeaa064d', N'7f697aeb-42fd-4c32-bc13-ed11f88ab74a', N'd1e0eec9-81a1-4dd8-a70f-469f1d0fe021', 1000, 200000, 250000, 1)
INSERT [dbo].[ProductItems] ([Id], [ProductId], [ColorId], [SizeId], [AvaiableQuantity], [PriceAfterReduction], [CostPrice], [Status]) VALUES (N'340292ee-40b8-49eb-8d47-5e521c3df604', N'4b75442b-73ca-4903-b674-e5cd70098576', N'47520ecd-4f7d-4786-b425-b2a4adbfe9be', N'70591428-7358-4c0d-a7b7-4a30f1236f15', 1000, 125000, 250000, 1)
INSERT [dbo].[ProductItems] ([Id], [ProductId], [ColorId], [SizeId], [AvaiableQuantity], [PriceAfterReduction], [CostPrice], [Status]) VALUES (N'b812c5ac-05e0-48a3-8969-6054744ef3c0', N'ee8d11c6-0d5a-4a9e-af89-e2f833e6fd94', N'7f697aeb-42fd-4c32-bc13-ed11f88ab74a', N'70591428-7358-4c0d-a7b7-4a30f1236f15', 1000, 152500, 250000, 1)
INSERT [dbo].[ProductItems] ([Id], [ProductId], [ColorId], [SizeId], [AvaiableQuantity], [PriceAfterReduction], [CostPrice], [Status]) VALUES (N'd6f848f6-7009-4f7b-9cb2-60dff5460f89', N'4b75442b-73ca-4903-b674-e5cd70098576', N'5bc1a17e-a2c1-42bf-8de5-31cf2a0ee53a', N'c1377708-db38-440b-833d-0e99259e50bb', 1000, 125000, 250000, 1)
INSERT [dbo].[ProductItems] ([Id], [ProductId], [ColorId], [SizeId], [AvaiableQuantity], [PriceAfterReduction], [CostPrice], [Status]) VALUES (N'd3e45e52-fb3c-499b-93ca-618eea5d9b48', N'4d43e349-f7af-4789-b391-2fbaf497bfba', N'0ed1e297-5644-4bc7-9486-cf69bf7994a2', N'a3c4f5d9-ab25-44b5-b3f8-d4505fcbbf62', 1000, 200000, 250000, 1)
INSERT [dbo].[ProductItems] ([Id], [ProductId], [ColorId], [SizeId], [AvaiableQuantity], [PriceAfterReduction], [CostPrice], [Status]) VALUES (N'f219031c-98ae-483b-a67a-61aff6ef66b5', N'deebe34e-518f-4a9c-98e9-e3c244c7c590', N'0ed1e297-5644-4bc7-9486-cf69bf7994a2', N'70591428-7358-4c0d-a7b7-4a30f1236f15', 1000, 125000, 250000, 1)
INSERT [dbo].[ProductItems] ([Id], [ProductId], [ColorId], [SizeId], [AvaiableQuantity], [PriceAfterReduction], [CostPrice], [Status]) VALUES (N'82efc9de-49ac-4675-a1bc-61ff79bb586a', N'deebe34e-518f-4a9c-98e9-e3c244c7c590', N'0ed1e297-5644-4bc7-9486-cf69bf7994a2', N'a3c4f5d9-ab25-44b5-b3f8-d4505fcbbf62', 1000, 125000, 250000, 1)
INSERT [dbo].[ProductItems] ([Id], [ProductId], [ColorId], [SizeId], [AvaiableQuantity], [PriceAfterReduction], [CostPrice], [Status]) VALUES (N'9f4efcf6-f068-409f-bfa5-62d56aedfeeb', N'757851aa-3d6c-4df2-bf47-cb544ebc62e5', N'5bc1a17e-a2c1-42bf-8de5-31cf2a0ee53a', N'6778ef5b-5901-46e2-9ca9-7bea36e4ff9b', 1000, 152500, 250000, 1)
INSERT [dbo].[ProductItems] ([Id], [ProductId], [ColorId], [SizeId], [AvaiableQuantity], [PriceAfterReduction], [CostPrice], [Status]) VALUES (N'29e89697-ffad-40e4-a655-62dc84791a01', N'3ac37b1c-d3e1-4243-a07c-8b5fc80a931e', N'47520ecd-4f7d-4786-b425-b2a4adbfe9be', N'a3c4f5d9-ab25-44b5-b3f8-d4505fcbbf62', 1000, 152500, 250000, 1)
INSERT [dbo].[ProductItems] ([Id], [ProductId], [ColorId], [SizeId], [AvaiableQuantity], [PriceAfterReduction], [CostPrice], [Status]) VALUES (N'20f3171f-1be8-4f84-9da1-63443385702b', N'3ac37b1c-d3e1-4243-a07c-8b5fc80a931e', N'47520ecd-4f7d-4786-b425-b2a4adbfe9be', N'6778ef5b-5901-46e2-9ca9-7bea36e4ff9b', 1000, 152500, 250000, 1)
INSERT [dbo].[ProductItems] ([Id], [ProductId], [ColorId], [SizeId], [AvaiableQuantity], [PriceAfterReduction], [CostPrice], [Status]) VALUES (N'192c0950-cc52-4c26-af24-63c98e409063', N'55a286e9-4468-40b9-a21b-5590f151a53d', N'79b80749-b18b-4875-9f27-75f5d6ad4f93', N'c1377708-db38-440b-833d-0e99259e50bb', 1000, 175000, 250000, 1)
INSERT [dbo].[ProductItems] ([Id], [ProductId], [ColorId], [SizeId], [AvaiableQuantity], [PriceAfterReduction], [CostPrice], [Status]) VALUES (N'bf4ea431-4306-4ccf-a2fe-6454060cc766', N'7dd6a992-a6da-445a-8fb0-718aabc21dff', N'7f697aeb-42fd-4c32-bc13-ed11f88ab74a', N'c1377708-db38-440b-833d-0e99259e50bb', 1000, 165000, 250000, 1)
INSERT [dbo].[ProductItems] ([Id], [ProductId], [ColorId], [SizeId], [AvaiableQuantity], [PriceAfterReduction], [CostPrice], [Status]) VALUES (N'734a58e9-a73e-4abb-865d-64f29d467087', N'5962de3a-c616-498f-a6e7-ca56ef9455d3', N'7f697aeb-42fd-4c32-bc13-ed11f88ab74a', N'd1e0eec9-81a1-4dd8-a70f-469f1d0fe021', 1000, 152500, 250000, 1)
INSERT [dbo].[ProductItems] ([Id], [ProductId], [ColorId], [SizeId], [AvaiableQuantity], [PriceAfterReduction], [CostPrice], [Status]) VALUES (N'54aa46a2-bb00-43f7-8752-650a39719eac', N'7dd6a992-a6da-445a-8fb0-718aabc21dff', N'7f697aeb-42fd-4c32-bc13-ed11f88ab74a', N'70591428-7358-4c0d-a7b7-4a30f1236f15', 1000, 165000, 250000, 1)
INSERT [dbo].[ProductItems] ([Id], [ProductId], [ColorId], [SizeId], [AvaiableQuantity], [PriceAfterReduction], [CostPrice], [Status]) VALUES (N'a1b918e6-4709-4b2a-ba0d-6589f47958c4', N'4d43e349-f7af-4789-b391-2fbaf497bfba', N'0ed1e297-5644-4bc7-9486-cf69bf7994a2', N'd1e0eec9-81a1-4dd8-a70f-469f1d0fe021', 1000, 200000, 250000, 1)
INSERT [dbo].[ProductItems] ([Id], [ProductId], [ColorId], [SizeId], [AvaiableQuantity], [PriceAfterReduction], [CostPrice], [Status]) VALUES (N'4b869193-91e4-4e73-a8f8-6602c954a839', N'55a286e9-4468-40b9-a21b-5590f151a53d', N'0ed1e297-5644-4bc7-9486-cf69bf7994a2', N'a3c4f5d9-ab25-44b5-b3f8-d4505fcbbf62', 1000, 175000, 250000, 1)
INSERT [dbo].[ProductItems] ([Id], [ProductId], [ColorId], [SizeId], [AvaiableQuantity], [PriceAfterReduction], [CostPrice], [Status]) VALUES (N'bbab2218-97f2-435f-aa57-66048ccc07e5', N'ee8d11c6-0d5a-4a9e-af89-e2f833e6fd94', N'5bc1a17e-a2c1-42bf-8de5-31cf2a0ee53a', N'd1e0eec9-81a1-4dd8-a70f-469f1d0fe021', 1000, 152500, 250000, 1)
INSERT [dbo].[ProductItems] ([Id], [ProductId], [ColorId], [SizeId], [AvaiableQuantity], [PriceAfterReduction], [CostPrice], [Status]) VALUES (N'69543843-d5bc-4e87-9e34-662e87cda455', N'deebe34e-518f-4a9c-98e9-e3c244c7c590', N'5bc1a17e-a2c1-42bf-8de5-31cf2a0ee53a', N'a3c4f5d9-ab25-44b5-b3f8-d4505fcbbf62', 1000, 125000, 250000, 1)
INSERT [dbo].[ProductItems] ([Id], [ProductId], [ColorId], [SizeId], [AvaiableQuantity], [PriceAfterReduction], [CostPrice], [Status]) VALUES (N'84b2fe0a-4765-4420-84a7-66681ce5d29b', N'4d43e349-f7af-4789-b391-2fbaf497bfba', N'5bc1a17e-a2c1-42bf-8de5-31cf2a0ee53a', N'70591428-7358-4c0d-a7b7-4a30f1236f15', 1000, 200000, 250000, 1)
INSERT [dbo].[ProductItems] ([Id], [ProductId], [ColorId], [SizeId], [AvaiableQuantity], [PriceAfterReduction], [CostPrice], [Status]) VALUES (N'07240dcb-792c-4de4-9781-6688b892d11c', N'4b75442b-73ca-4903-b674-e5cd70098576', N'79b80749-b18b-4875-9f27-75f5d6ad4f93', N'a3c4f5d9-ab25-44b5-b3f8-d4505fcbbf62', 1000, 125000, 250000, 1)
INSERT [dbo].[ProductItems] ([Id], [ProductId], [ColorId], [SizeId], [AvaiableQuantity], [PriceAfterReduction], [CostPrice], [Status]) VALUES (N'694ba4b1-4288-4b31-8cc4-66e2bcd05e71', N'7dd6a992-a6da-445a-8fb0-718aabc21dff', N'47520ecd-4f7d-4786-b425-b2a4adbfe9be', N'd1e0eec9-81a1-4dd8-a70f-469f1d0fe021', 1000, 165000, 250000, 1)
INSERT [dbo].[ProductItems] ([Id], [ProductId], [ColorId], [SizeId], [AvaiableQuantity], [PriceAfterReduction], [CostPrice], [Status]) VALUES (N'aa920ac8-8391-4d2a-96fe-66f97cbda5e9', N'55a286e9-4468-40b9-a21b-5590f151a53d', N'47520ecd-4f7d-4786-b425-b2a4adbfe9be', N'6778ef5b-5901-46e2-9ca9-7bea36e4ff9b', 1000, 175000, 250000, 1)
INSERT [dbo].[ProductItems] ([Id], [ProductId], [ColorId], [SizeId], [AvaiableQuantity], [PriceAfterReduction], [CostPrice], [Status]) VALUES (N'91970662-bbf0-47bc-b1af-670ffa4c7629', N'93d03f30-c3e7-420a-b909-92220a72f6b4', N'47520ecd-4f7d-4786-b425-b2a4adbfe9be', N'd1e0eec9-81a1-4dd8-a70f-469f1d0fe021', 1000, 152500, 250000, 1)
INSERT [dbo].[ProductItems] ([Id], [ProductId], [ColorId], [SizeId], [AvaiableQuantity], [PriceAfterReduction], [CostPrice], [Status]) VALUES (N'a681dabd-37fe-42d6-bfed-6769d74f5fc8', N'74e9bd7b-0b24-438a-8c33-ce82b9f3fde3', N'79b80749-b18b-4875-9f27-75f5d6ad4f93', N'a3c4f5d9-ab25-44b5-b3f8-d4505fcbbf62', 1000, 250000, 250000, 1)
INSERT [dbo].[ProductItems] ([Id], [ProductId], [ColorId], [SizeId], [AvaiableQuantity], [PriceAfterReduction], [CostPrice], [Status]) VALUES (N'dbc39f37-2fec-4694-9a03-67ae47b13e72', N'39fb3633-9fb7-4c2b-b346-e8e4721356f1', N'7f697aeb-42fd-4c32-bc13-ed11f88ab74a', N'd1e0eec9-81a1-4dd8-a70f-469f1d0fe021', 1000, 125000, 250000, 1)
INSERT [dbo].[ProductItems] ([Id], [ProductId], [ColorId], [SizeId], [AvaiableQuantity], [PriceAfterReduction], [CostPrice], [Status]) VALUES (N'315b5f31-f540-4121-8b2a-6a4f80e39001', N'74e9bd7b-0b24-438a-8c33-ce82b9f3fde3', N'47520ecd-4f7d-4786-b425-b2a4adbfe9be', N'6778ef5b-5901-46e2-9ca9-7bea36e4ff9b', 1000, 250000, 250000, 1)
INSERT [dbo].[ProductItems] ([Id], [ProductId], [ColorId], [SizeId], [AvaiableQuantity], [PriceAfterReduction], [CostPrice], [Status]) VALUES (N'ae144f75-47b2-4cfc-8295-6a8e4651a194', N'74e9bd7b-0b24-438a-8c33-ce82b9f3fde3', N'47520ecd-4f7d-4786-b425-b2a4adbfe9be', N'c1377708-db38-440b-833d-0e99259e50bb', 1000, 250000, 250000, 1)
INSERT [dbo].[ProductItems] ([Id], [ProductId], [ColorId], [SizeId], [AvaiableQuantity], [PriceAfterReduction], [CostPrice], [Status]) VALUES (N'6ab387f8-6994-4880-a553-6bd5792ee3ff', N'5962de3a-c616-498f-a6e7-ca56ef9455d3', N'47520ecd-4f7d-4786-b425-b2a4adbfe9be', N'a3c4f5d9-ab25-44b5-b3f8-d4505fcbbf62', 1000, 152500, 250000, 1)
INSERT [dbo].[ProductItems] ([Id], [ProductId], [ColorId], [SizeId], [AvaiableQuantity], [PriceAfterReduction], [CostPrice], [Status]) VALUES (N'020fafe0-ddb3-4816-bf74-6ca9deea75db', N'b2e05e32-fcb5-4828-bfd9-4c7e5e8ad8ac', N'0ed1e297-5644-4bc7-9486-cf69bf7994a2', N'a3c4f5d9-ab25-44b5-b3f8-d4505fcbbf62', 1000, 175000, 250000, 1)
INSERT [dbo].[ProductItems] ([Id], [ProductId], [ColorId], [SizeId], [AvaiableQuantity], [PriceAfterReduction], [CostPrice], [Status]) VALUES (N'392931cd-13e2-4e65-8c16-6d9bb6315ab6', N'1455d77c-170d-4a55-825d-8c6f17510691', N'47520ecd-4f7d-4786-b425-b2a4adbfe9be', N'6778ef5b-5901-46e2-9ca9-7bea36e4ff9b', 1000, 152500, 250000, 1)
INSERT [dbo].[ProductItems] ([Id], [ProductId], [ColorId], [SizeId], [AvaiableQuantity], [PriceAfterReduction], [CostPrice], [Status]) VALUES (N'802ad273-ed59-48bc-a23f-6f11b6d19c64', N'3ac37b1c-d3e1-4243-a07c-8b5fc80a931e', N'5bc1a17e-a2c1-42bf-8de5-31cf2a0ee53a', N'6778ef5b-5901-46e2-9ca9-7bea36e4ff9b', 1000, 152500, 250000, 1)
INSERT [dbo].[ProductItems] ([Id], [ProductId], [ColorId], [SizeId], [AvaiableQuantity], [PriceAfterReduction], [CostPrice], [Status]) VALUES (N'24fec1c8-7b20-4459-9708-6fa0f475a48d', N'31e98018-a7ff-440f-931a-3d93b6ad111b', N'0ed1e297-5644-4bc7-9486-cf69bf7994a2', N'6778ef5b-5901-46e2-9ca9-7bea36e4ff9b', 1000, 175000, 250000, 1)
INSERT [dbo].[ProductItems] ([Id], [ProductId], [ColorId], [SizeId], [AvaiableQuantity], [PriceAfterReduction], [CostPrice], [Status]) VALUES (N'ba929934-5132-43ba-8c04-700a46757053', N'55a286e9-4468-40b9-a21b-5590f151a53d', N'79b80749-b18b-4875-9f27-75f5d6ad4f93', N'a3c4f5d9-ab25-44b5-b3f8-d4505fcbbf62', 1000, 175000, 250000, 1)
INSERT [dbo].[ProductItems] ([Id], [ProductId], [ColorId], [SizeId], [AvaiableQuantity], [PriceAfterReduction], [CostPrice], [Status]) VALUES (N'6ddcf0cc-d2e5-44e7-ac59-701c96fe6751', N'3ac37b1c-d3e1-4243-a07c-8b5fc80a931e', N'47520ecd-4f7d-4786-b425-b2a4adbfe9be', N'd1e0eec9-81a1-4dd8-a70f-469f1d0fe021', 1000, 152500, 250000, 1)
INSERT [dbo].[ProductItems] ([Id], [ProductId], [ColorId], [SizeId], [AvaiableQuantity], [PriceAfterReduction], [CostPrice], [Status]) VALUES (N'5e09ba7c-2bb2-432a-9788-70300f472f9f', N'4b75442b-73ca-4903-b674-e5cd70098576', N'0ed1e297-5644-4bc7-9486-cf69bf7994a2', N'6778ef5b-5901-46e2-9ca9-7bea36e4ff9b', 1000, 125000, 250000, 1)
INSERT [dbo].[ProductItems] ([Id], [ProductId], [ColorId], [SizeId], [AvaiableQuantity], [PriceAfterReduction], [CostPrice], [Status]) VALUES (N'bf4126c6-bae0-45b6-aa71-7040ef340a1c', N'7dd6a992-a6da-445a-8fb0-718aabc21dff', N'5bc1a17e-a2c1-42bf-8de5-31cf2a0ee53a', N'a3c4f5d9-ab25-44b5-b3f8-d4505fcbbf62', 1000, 165000, 250000, 1)
INSERT [dbo].[ProductItems] ([Id], [ProductId], [ColorId], [SizeId], [AvaiableQuantity], [PriceAfterReduction], [CostPrice], [Status]) VALUES (N'3f023b23-5525-4754-872c-7237e1e4985d', N'ee8d11c6-0d5a-4a9e-af89-e2f833e6fd94', N'79b80749-b18b-4875-9f27-75f5d6ad4f93', N'6778ef5b-5901-46e2-9ca9-7bea36e4ff9b', 1000, 152500, 250000, 1)
INSERT [dbo].[ProductItems] ([Id], [ProductId], [ColorId], [SizeId], [AvaiableQuantity], [PriceAfterReduction], [CostPrice], [Status]) VALUES (N'533dbfbb-aa14-4f53-9e54-72591476e58d', N'b2e05e32-fcb5-4828-bfd9-4c7e5e8ad8ac', N'79b80749-b18b-4875-9f27-75f5d6ad4f93', N'a3c4f5d9-ab25-44b5-b3f8-d4505fcbbf62', 1000, 175000, 250000, 1)
INSERT [dbo].[ProductItems] ([Id], [ProductId], [ColorId], [SizeId], [AvaiableQuantity], [PriceAfterReduction], [CostPrice], [Status]) VALUES (N'abafcb82-7473-49ce-8899-72a96ab6e261', N'4b75442b-73ca-4903-b674-e5cd70098576', N'79b80749-b18b-4875-9f27-75f5d6ad4f93', N'6778ef5b-5901-46e2-9ca9-7bea36e4ff9b', 1000, 125000, 250000, 1)
INSERT [dbo].[ProductItems] ([Id], [ProductId], [ColorId], [SizeId], [AvaiableQuantity], [PriceAfterReduction], [CostPrice], [Status]) VALUES (N'8c7c870e-d650-45ba-9107-72c0724df6f7', N'39fb3633-9fb7-4c2b-b346-e8e4721356f1', N'0ed1e297-5644-4bc7-9486-cf69bf7994a2', N'a3c4f5d9-ab25-44b5-b3f8-d4505fcbbf62', 1000, 125000, 250000, 1)
INSERT [dbo].[ProductItems] ([Id], [ProductId], [ColorId], [SizeId], [AvaiableQuantity], [PriceAfterReduction], [CostPrice], [Status]) VALUES (N'a810870e-5a0a-41de-a0bd-72cbe246e071', N'7dd6a992-a6da-445a-8fb0-718aabc21dff', N'79b80749-b18b-4875-9f27-75f5d6ad4f93', N'd1e0eec9-81a1-4dd8-a70f-469f1d0fe021', 1000, 165000, 250000, 1)
INSERT [dbo].[ProductItems] ([Id], [ProductId], [ColorId], [SizeId], [AvaiableQuantity], [PriceAfterReduction], [CostPrice], [Status]) VALUES (N'1a0f291a-260a-435e-8039-73831afe4b88', N'55a286e9-4468-40b9-a21b-5590f151a53d', N'79b80749-b18b-4875-9f27-75f5d6ad4f93', N'70591428-7358-4c0d-a7b7-4a30f1236f15', 1000, 175000, 250000, 1)
INSERT [dbo].[ProductItems] ([Id], [ProductId], [ColorId], [SizeId], [AvaiableQuantity], [PriceAfterReduction], [CostPrice], [Status]) VALUES (N'c117afbd-ddc9-4baf-92a2-739c41a4d653', N'74e9bd7b-0b24-438a-8c33-ce82b9f3fde3', N'79b80749-b18b-4875-9f27-75f5d6ad4f93', N'6778ef5b-5901-46e2-9ca9-7bea36e4ff9b', 1000, 250000, 250000, 1)
INSERT [dbo].[ProductItems] ([Id], [ProductId], [ColorId], [SizeId], [AvaiableQuantity], [PriceAfterReduction], [CostPrice], [Status]) VALUES (N'6880b307-d5da-4c93-b74b-73bcad8702e9', N'a3ce510a-074a-4a51-b590-1bd0eeaa064d', N'79b80749-b18b-4875-9f27-75f5d6ad4f93', N'd1e0eec9-81a1-4dd8-a70f-469f1d0fe021', 1000, 200000, 250000, 1)
INSERT [dbo].[ProductItems] ([Id], [ProductId], [ColorId], [SizeId], [AvaiableQuantity], [PriceAfterReduction], [CostPrice], [Status]) VALUES (N'e0e97509-0728-4bdc-9c1e-74a2b514764b', N'5962de3a-c616-498f-a6e7-ca56ef9455d3', N'5bc1a17e-a2c1-42bf-8de5-31cf2a0ee53a', N'd1e0eec9-81a1-4dd8-a70f-469f1d0fe021', 1000, 152500, 250000, 1)
INSERT [dbo].[ProductItems] ([Id], [ProductId], [ColorId], [SizeId], [AvaiableQuantity], [PriceAfterReduction], [CostPrice], [Status]) VALUES (N'7b2438b3-0718-4ade-b9d3-74c2a16b3fb3', N'757851aa-3d6c-4df2-bf47-cb544ebc62e5', N'0ed1e297-5644-4bc7-9486-cf69bf7994a2', N'70591428-7358-4c0d-a7b7-4a30f1236f15', 1000, 152500, 250000, 1)
INSERT [dbo].[ProductItems] ([Id], [ProductId], [ColorId], [SizeId], [AvaiableQuantity], [PriceAfterReduction], [CostPrice], [Status]) VALUES (N'59ca3315-9ed2-43de-a0ab-74f5300df43c', N'3b838f25-291c-410d-8dac-05e7b79afcb1', N'79b80749-b18b-4875-9f27-75f5d6ad4f93', N'd1e0eec9-81a1-4dd8-a70f-469f1d0fe021', 1000, 150000, 250000, 1)
INSERT [dbo].[ProductItems] ([Id], [ProductId], [ColorId], [SizeId], [AvaiableQuantity], [PriceAfterReduction], [CostPrice], [Status]) VALUES (N'0fc738f0-483b-4910-90f3-75fd2a2e3bac', N'93d03f30-c3e7-420a-b909-92220a72f6b4', N'5bc1a17e-a2c1-42bf-8de5-31cf2a0ee53a', N'c1377708-db38-440b-833d-0e99259e50bb', 1000, 152500, 250000, 1)
INSERT [dbo].[ProductItems] ([Id], [ProductId], [ColorId], [SizeId], [AvaiableQuantity], [PriceAfterReduction], [CostPrice], [Status]) VALUES (N'd89cb7bd-8dee-4c11-9c31-775a29db6bc0', N'4d43e349-f7af-4789-b391-2fbaf497bfba', N'0ed1e297-5644-4bc7-9486-cf69bf7994a2', N'70591428-7358-4c0d-a7b7-4a30f1236f15', 1000, 200000, 250000, 1)
GO
INSERT [dbo].[ProductItems] ([Id], [ProductId], [ColorId], [SizeId], [AvaiableQuantity], [PriceAfterReduction], [CostPrice], [Status]) VALUES (N'1c4f1d66-7778-43e1-a1f1-779e5fcd4916', N'93d03f30-c3e7-420a-b909-92220a72f6b4', N'5bc1a17e-a2c1-42bf-8de5-31cf2a0ee53a', N'd1e0eec9-81a1-4dd8-a70f-469f1d0fe021', 1000, 152500, 250000, 1)
INSERT [dbo].[ProductItems] ([Id], [ProductId], [ColorId], [SizeId], [AvaiableQuantity], [PriceAfterReduction], [CostPrice], [Status]) VALUES (N'ab8c9fee-67fa-4ea5-b4fd-77dabb7c375a', N'31e98018-a7ff-440f-931a-3d93b6ad111b', N'7f697aeb-42fd-4c32-bc13-ed11f88ab74a', N'd1e0eec9-81a1-4dd8-a70f-469f1d0fe021', 1000, 175000, 250000, 1)
INSERT [dbo].[ProductItems] ([Id], [ProductId], [ColorId], [SizeId], [AvaiableQuantity], [PriceAfterReduction], [CostPrice], [Status]) VALUES (N'c126aaad-3cca-4078-8a2e-797df9ae6f92', N'1455d77c-170d-4a55-825d-8c6f17510691', N'47520ecd-4f7d-4786-b425-b2a4adbfe9be', N'c1377708-db38-440b-833d-0e99259e50bb', 1000, 152500, 250000, 1)
INSERT [dbo].[ProductItems] ([Id], [ProductId], [ColorId], [SizeId], [AvaiableQuantity], [PriceAfterReduction], [CostPrice], [Status]) VALUES (N'b642d2fa-08ce-44a1-8128-79aadfbffb0f', N'93d03f30-c3e7-420a-b909-92220a72f6b4', N'5bc1a17e-a2c1-42bf-8de5-31cf2a0ee53a', N'6778ef5b-5901-46e2-9ca9-7bea36e4ff9b', 1000, 152500, 250000, 1)
INSERT [dbo].[ProductItems] ([Id], [ProductId], [ColorId], [SizeId], [AvaiableQuantity], [PriceAfterReduction], [CostPrice], [Status]) VALUES (N'bcd06b0d-feec-43ae-9619-7ac18683fbee', N'31e98018-a7ff-440f-931a-3d93b6ad111b', N'79b80749-b18b-4875-9f27-75f5d6ad4f93', N'a3c4f5d9-ab25-44b5-b3f8-d4505fcbbf62', 1000, 175000, 250000, 1)
INSERT [dbo].[ProductItems] ([Id], [ProductId], [ColorId], [SizeId], [AvaiableQuantity], [PriceAfterReduction], [CostPrice], [Status]) VALUES (N'7f40635b-2ddc-436d-93b5-7afb70f5a43d', N'deebe34e-518f-4a9c-98e9-e3c244c7c590', N'47520ecd-4f7d-4786-b425-b2a4adbfe9be', N'c1377708-db38-440b-833d-0e99259e50bb', 1000, 125000, 250000, 1)
INSERT [dbo].[ProductItems] ([Id], [ProductId], [ColorId], [SizeId], [AvaiableQuantity], [PriceAfterReduction], [CostPrice], [Status]) VALUES (N'6a75530d-dc5d-48d3-a49e-7b7ce3e79e82', N'93d03f30-c3e7-420a-b909-92220a72f6b4', N'0ed1e297-5644-4bc7-9486-cf69bf7994a2', N'70591428-7358-4c0d-a7b7-4a30f1236f15', 1000, 152500, 250000, 1)
INSERT [dbo].[ProductItems] ([Id], [ProductId], [ColorId], [SizeId], [AvaiableQuantity], [PriceAfterReduction], [CostPrice], [Status]) VALUES (N'bd42f7b2-89bd-467a-b567-7bd173ebfb6c', N'52f83c12-7e8a-42c8-9cf1-c0f92a7282a4', N'47520ecd-4f7d-4786-b425-b2a4adbfe9be', N'70591428-7358-4c0d-a7b7-4a30f1236f15', 1000, 152500, 250000, 1)
INSERT [dbo].[ProductItems] ([Id], [ProductId], [ColorId], [SizeId], [AvaiableQuantity], [PriceAfterReduction], [CostPrice], [Status]) VALUES (N'b4460082-c3df-4d49-a69d-7be042cc1f17', N'74e9bd7b-0b24-438a-8c33-ce82b9f3fde3', N'0ed1e297-5644-4bc7-9486-cf69bf7994a2', N'a3c4f5d9-ab25-44b5-b3f8-d4505fcbbf62', 1000, 250000, 250000, 1)
INSERT [dbo].[ProductItems] ([Id], [ProductId], [ColorId], [SizeId], [AvaiableQuantity], [PriceAfterReduction], [CostPrice], [Status]) VALUES (N'a5a05922-c329-4b50-a0d7-7c12cdc2690b', N'deebe34e-518f-4a9c-98e9-e3c244c7c590', N'47520ecd-4f7d-4786-b425-b2a4adbfe9be', N'70591428-7358-4c0d-a7b7-4a30f1236f15', 1000, 125000, 250000, 1)
INSERT [dbo].[ProductItems] ([Id], [ProductId], [ColorId], [SizeId], [AvaiableQuantity], [PriceAfterReduction], [CostPrice], [Status]) VALUES (N'503d3ec3-85f7-4623-8741-7d89668529a1', N'b2e05e32-fcb5-4828-bfd9-4c7e5e8ad8ac', N'7f697aeb-42fd-4c32-bc13-ed11f88ab74a', N'6778ef5b-5901-46e2-9ca9-7bea36e4ff9b', 1000, 175000, 250000, 1)
INSERT [dbo].[ProductItems] ([Id], [ProductId], [ColorId], [SizeId], [AvaiableQuantity], [PriceAfterReduction], [CostPrice], [Status]) VALUES (N'5250aa1c-62fe-4597-865c-7e6203475cdd', N'ee8d11c6-0d5a-4a9e-af89-e2f833e6fd94', N'0ed1e297-5644-4bc7-9486-cf69bf7994a2', N'70591428-7358-4c0d-a7b7-4a30f1236f15', 1000, 152500, 250000, 1)
INSERT [dbo].[ProductItems] ([Id], [ProductId], [ColorId], [SizeId], [AvaiableQuantity], [PriceAfterReduction], [CostPrice], [Status]) VALUES (N'5bde31c9-6d62-4138-bd56-7ee80852966a', N'4b75442b-73ca-4903-b674-e5cd70098576', N'0ed1e297-5644-4bc7-9486-cf69bf7994a2', N'a3c4f5d9-ab25-44b5-b3f8-d4505fcbbf62', 1000, 125000, 250000, 1)
INSERT [dbo].[ProductItems] ([Id], [ProductId], [ColorId], [SizeId], [AvaiableQuantity], [PriceAfterReduction], [CostPrice], [Status]) VALUES (N'9210148d-9ffc-4198-87c9-7f37bc97de45', N'a3ce510a-074a-4a51-b590-1bd0eeaa064d', N'5bc1a17e-a2c1-42bf-8de5-31cf2a0ee53a', N'd1e0eec9-81a1-4dd8-a70f-469f1d0fe021', 1000, 200000, 250000, 1)
INSERT [dbo].[ProductItems] ([Id], [ProductId], [ColorId], [SizeId], [AvaiableQuantity], [PriceAfterReduction], [CostPrice], [Status]) VALUES (N'410ad77b-877b-4338-b206-7f43fc9038b1', N'31e98018-a7ff-440f-931a-3d93b6ad111b', N'79b80749-b18b-4875-9f27-75f5d6ad4f93', N'd1e0eec9-81a1-4dd8-a70f-469f1d0fe021', 1000, 175000, 250000, 1)
INSERT [dbo].[ProductItems] ([Id], [ProductId], [ColorId], [SizeId], [AvaiableQuantity], [PriceAfterReduction], [CostPrice], [Status]) VALUES (N'77f4be97-62df-4c5b-a9b1-7f690a1db3e1', N'3b838f25-291c-410d-8dac-05e7b79afcb1', N'7f697aeb-42fd-4c32-bc13-ed11f88ab74a', N'd1e0eec9-81a1-4dd8-a70f-469f1d0fe021', 1000, 150000, 250000, 1)
INSERT [dbo].[ProductItems] ([Id], [ProductId], [ColorId], [SizeId], [AvaiableQuantity], [PriceAfterReduction], [CostPrice], [Status]) VALUES (N'a0079d39-c1a8-41c7-9a1a-8225555cc21c', N'757851aa-3d6c-4df2-bf47-cb544ebc62e5', N'5bc1a17e-a2c1-42bf-8de5-31cf2a0ee53a', N'd1e0eec9-81a1-4dd8-a70f-469f1d0fe021', 1000, 152500, 250000, 1)
INSERT [dbo].[ProductItems] ([Id], [ProductId], [ColorId], [SizeId], [AvaiableQuantity], [PriceAfterReduction], [CostPrice], [Status]) VALUES (N'ccc92661-1a91-4a64-9ff4-82e31f3cde0f', N'31e98018-a7ff-440f-931a-3d93b6ad111b', N'0ed1e297-5644-4bc7-9486-cf69bf7994a2', N'a3c4f5d9-ab25-44b5-b3f8-d4505fcbbf62', 1000, 175000, 250000, 1)
INSERT [dbo].[ProductItems] ([Id], [ProductId], [ColorId], [SizeId], [AvaiableQuantity], [PriceAfterReduction], [CostPrice], [Status]) VALUES (N'3a7233ee-15f8-4a51-a015-82fd965dd89d', N'52f83c12-7e8a-42c8-9cf1-c0f92a7282a4', N'0ed1e297-5644-4bc7-9486-cf69bf7994a2', N'd1e0eec9-81a1-4dd8-a70f-469f1d0fe021', 1000, 152500, 250000, 1)
INSERT [dbo].[ProductItems] ([Id], [ProductId], [ColorId], [SizeId], [AvaiableQuantity], [PriceAfterReduction], [CostPrice], [Status]) VALUES (N'8f0dc0a9-a99b-410c-98b6-83352f58d6fb', N'b2e05e32-fcb5-4828-bfd9-4c7e5e8ad8ac', N'5bc1a17e-a2c1-42bf-8de5-31cf2a0ee53a', N'70591428-7358-4c0d-a7b7-4a30f1236f15', 1000, 175000, 250000, 1)
INSERT [dbo].[ProductItems] ([Id], [ProductId], [ColorId], [SizeId], [AvaiableQuantity], [PriceAfterReduction], [CostPrice], [Status]) VALUES (N'8e4d4e1f-91dc-45d6-90d0-83ef66a91d51', N'ee8d11c6-0d5a-4a9e-af89-e2f833e6fd94', N'47520ecd-4f7d-4786-b425-b2a4adbfe9be', N'70591428-7358-4c0d-a7b7-4a30f1236f15', 1000, 152500, 250000, 1)
INSERT [dbo].[ProductItems] ([Id], [ProductId], [ColorId], [SizeId], [AvaiableQuantity], [PriceAfterReduction], [CostPrice], [Status]) VALUES (N'68fb5967-c69d-4777-bb3b-840da440e852', N'3b838f25-291c-410d-8dac-05e7b79afcb1', N'79b80749-b18b-4875-9f27-75f5d6ad4f93', N'd1e0eec9-81a1-4dd8-a70f-469f1d0fe021', 1000, 200000, 250000, 1)
INSERT [dbo].[ProductItems] ([Id], [ProductId], [ColorId], [SizeId], [AvaiableQuantity], [PriceAfterReduction], [CostPrice], [Status]) VALUES (N'fe001b09-e0fc-4d93-a947-848061db1c19', N'b2e05e32-fcb5-4828-bfd9-4c7e5e8ad8ac', N'5bc1a17e-a2c1-42bf-8de5-31cf2a0ee53a', N'6778ef5b-5901-46e2-9ca9-7bea36e4ff9b', 1000, 175000, 250000, 1)
INSERT [dbo].[ProductItems] ([Id], [ProductId], [ColorId], [SizeId], [AvaiableQuantity], [PriceAfterReduction], [CostPrice], [Status]) VALUES (N'00585e5f-1363-49b6-95c3-848ccc1832b1', N'1455d77c-170d-4a55-825d-8c6f17510691', N'79b80749-b18b-4875-9f27-75f5d6ad4f93', N'c1377708-db38-440b-833d-0e99259e50bb', 1000, 152500, 250000, 1)
INSERT [dbo].[ProductItems] ([Id], [ProductId], [ColorId], [SizeId], [AvaiableQuantity], [PriceAfterReduction], [CostPrice], [Status]) VALUES (N'9d2e18ce-5891-4939-ac38-8686d85f0fad', N'74e9bd7b-0b24-438a-8c33-ce82b9f3fde3', N'79b80749-b18b-4875-9f27-75f5d6ad4f93', N'70591428-7358-4c0d-a7b7-4a30f1236f15', 1000, 250000, 250000, 1)
INSERT [dbo].[ProductItems] ([Id], [ProductId], [ColorId], [SizeId], [AvaiableQuantity], [PriceAfterReduction], [CostPrice], [Status]) VALUES (N'c30a0d74-4bbf-42da-875a-871966a6690b', N'52f83c12-7e8a-42c8-9cf1-c0f92a7282a4', N'79b80749-b18b-4875-9f27-75f5d6ad4f93', N'd1e0eec9-81a1-4dd8-a70f-469f1d0fe021', 1000, 152500, 250000, 1)
INSERT [dbo].[ProductItems] ([Id], [ProductId], [ColorId], [SizeId], [AvaiableQuantity], [PriceAfterReduction], [CostPrice], [Status]) VALUES (N'92d70700-9d81-41b7-9b34-874d04ee5248', N'93d03f30-c3e7-420a-b909-92220a72f6b4', N'47520ecd-4f7d-4786-b425-b2a4adbfe9be', N'c1377708-db38-440b-833d-0e99259e50bb', 1000, 152500, 250000, 1)
INSERT [dbo].[ProductItems] ([Id], [ProductId], [ColorId], [SizeId], [AvaiableQuantity], [PriceAfterReduction], [CostPrice], [Status]) VALUES (N'305aae5e-4b4c-4338-91bc-8964fcb5effd', N'31e98018-a7ff-440f-931a-3d93b6ad111b', N'7f697aeb-42fd-4c32-bc13-ed11f88ab74a', N'70591428-7358-4c0d-a7b7-4a30f1236f15', 1000, 175000, 250000, 1)
INSERT [dbo].[ProductItems] ([Id], [ProductId], [ColorId], [SizeId], [AvaiableQuantity], [PriceAfterReduction], [CostPrice], [Status]) VALUES (N'11118926-7e2a-458e-84cc-8b0fd3b5a65d', N'39fb3633-9fb7-4c2b-b346-e8e4721356f1', N'0ed1e297-5644-4bc7-9486-cf69bf7994a2', N'c1377708-db38-440b-833d-0e99259e50bb', 1000, 125000, 250000, 1)
INSERT [dbo].[ProductItems] ([Id], [ProductId], [ColorId], [SizeId], [AvaiableQuantity], [PriceAfterReduction], [CostPrice], [Status]) VALUES (N'a1a9d09c-0419-4827-91f5-8c8e39366a1f', N'b2e05e32-fcb5-4828-bfd9-4c7e5e8ad8ac', N'7f697aeb-42fd-4c32-bc13-ed11f88ab74a', N'd1e0eec9-81a1-4dd8-a70f-469f1d0fe021', 1000, 175000, 250000, 1)
INSERT [dbo].[ProductItems] ([Id], [ProductId], [ColorId], [SizeId], [AvaiableQuantity], [PriceAfterReduction], [CostPrice], [Status]) VALUES (N'd0b73c9f-9d4c-4680-8397-8d9f90ff41c5', N'4b75442b-73ca-4903-b674-e5cd70098576', N'5bc1a17e-a2c1-42bf-8de5-31cf2a0ee53a', N'70591428-7358-4c0d-a7b7-4a30f1236f15', 1000, 125000, 250000, 1)
INSERT [dbo].[ProductItems] ([Id], [ProductId], [ColorId], [SizeId], [AvaiableQuantity], [PriceAfterReduction], [CostPrice], [Status]) VALUES (N'eb4e0bd6-fe4c-40a5-bb58-8ecbca2b3260', N'deebe34e-518f-4a9c-98e9-e3c244c7c590', N'7f697aeb-42fd-4c32-bc13-ed11f88ab74a', N'd1e0eec9-81a1-4dd8-a70f-469f1d0fe021', 1000, 125000, 250000, 1)
INSERT [dbo].[ProductItems] ([Id], [ProductId], [ColorId], [SizeId], [AvaiableQuantity], [PriceAfterReduction], [CostPrice], [Status]) VALUES (N'9a6f871e-19e1-4dc4-8fc5-8f6579309879', N'deebe34e-518f-4a9c-98e9-e3c244c7c590', N'79b80749-b18b-4875-9f27-75f5d6ad4f93', N'6778ef5b-5901-46e2-9ca9-7bea36e4ff9b', 1000, 125000, 250000, 1)
INSERT [dbo].[ProductItems] ([Id], [ProductId], [ColorId], [SizeId], [AvaiableQuantity], [PriceAfterReduction], [CostPrice], [Status]) VALUES (N'0a95fa01-07b0-452d-9dc0-9138fa349e36', N'55a286e9-4468-40b9-a21b-5590f151a53d', N'7f697aeb-42fd-4c32-bc13-ed11f88ab74a', N'd1e0eec9-81a1-4dd8-a70f-469f1d0fe021', 1000, 175000, 250000, 1)
INSERT [dbo].[ProductItems] ([Id], [ProductId], [ColorId], [SizeId], [AvaiableQuantity], [PriceAfterReduction], [CostPrice], [Status]) VALUES (N'b7bffd4a-9a67-45f8-85b8-916b95c2cceb', N'93d03f30-c3e7-420a-b909-92220a72f6b4', N'0ed1e297-5644-4bc7-9486-cf69bf7994a2', N'a3c4f5d9-ab25-44b5-b3f8-d4505fcbbf62', 1000, 152500, 250000, 1)
INSERT [dbo].[ProductItems] ([Id], [ProductId], [ColorId], [SizeId], [AvaiableQuantity], [PriceAfterReduction], [CostPrice], [Status]) VALUES (N'c2fa48a8-389c-4c54-a417-92e51286b8b4', N'4b75442b-73ca-4903-b674-e5cd70098576', N'5bc1a17e-a2c1-42bf-8de5-31cf2a0ee53a', N'6778ef5b-5901-46e2-9ca9-7bea36e4ff9b', 1000, 125000, 250000, 1)
INSERT [dbo].[ProductItems] ([Id], [ProductId], [ColorId], [SizeId], [AvaiableQuantity], [PriceAfterReduction], [CostPrice], [Status]) VALUES (N'0f41998e-0d75-4e4c-b980-92fda39c2885', N'ee8d11c6-0d5a-4a9e-af89-e2f833e6fd94', N'79b80749-b18b-4875-9f27-75f5d6ad4f93', N'c1377708-db38-440b-833d-0e99259e50bb', 1000, 152500, 250000, 1)
INSERT [dbo].[ProductItems] ([Id], [ProductId], [ColorId], [SizeId], [AvaiableQuantity], [PriceAfterReduction], [CostPrice], [Status]) VALUES (N'e8bbe5e5-84f1-45ed-8f32-9314326a74fa', N'ee8d11c6-0d5a-4a9e-af89-e2f833e6fd94', N'47520ecd-4f7d-4786-b425-b2a4adbfe9be', N'a3c4f5d9-ab25-44b5-b3f8-d4505fcbbf62', 1000, 152500, 250000, 1)
INSERT [dbo].[ProductItems] ([Id], [ProductId], [ColorId], [SizeId], [AvaiableQuantity], [PriceAfterReduction], [CostPrice], [Status]) VALUES (N'834217f7-921e-4896-b128-935265e19da3', N'39fb3633-9fb7-4c2b-b346-e8e4721356f1', N'0ed1e297-5644-4bc7-9486-cf69bf7994a2', N'd1e0eec9-81a1-4dd8-a70f-469f1d0fe021', 1000, 125000, 250000, 1)
INSERT [dbo].[ProductItems] ([Id], [ProductId], [ColorId], [SizeId], [AvaiableQuantity], [PriceAfterReduction], [CostPrice], [Status]) VALUES (N'16a90ba4-fe2d-4fee-b97a-93e600251e0c', N'b2e05e32-fcb5-4828-bfd9-4c7e5e8ad8ac', N'0ed1e297-5644-4bc7-9486-cf69bf7994a2', N'd1e0eec9-81a1-4dd8-a70f-469f1d0fe021', 1000, 175000, 250000, 1)
INSERT [dbo].[ProductItems] ([Id], [ProductId], [ColorId], [SizeId], [AvaiableQuantity], [PriceAfterReduction], [CostPrice], [Status]) VALUES (N'7158d7f0-2562-465f-a8d3-946903bd291f', N'3ac37b1c-d3e1-4243-a07c-8b5fc80a931e', N'0ed1e297-5644-4bc7-9486-cf69bf7994a2', N'd1e0eec9-81a1-4dd8-a70f-469f1d0fe021', 1000, 152500, 250000, 1)
INSERT [dbo].[ProductItems] ([Id], [ProductId], [ColorId], [SizeId], [AvaiableQuantity], [PriceAfterReduction], [CostPrice], [Status]) VALUES (N'48fa691c-8839-409c-9cfc-948398e71ef0', N'4b75442b-73ca-4903-b674-e5cd70098576', N'5bc1a17e-a2c1-42bf-8de5-31cf2a0ee53a', N'a3c4f5d9-ab25-44b5-b3f8-d4505fcbbf62', 1000, 125000, 250000, 1)
INSERT [dbo].[ProductItems] ([Id], [ProductId], [ColorId], [SizeId], [AvaiableQuantity], [PriceAfterReduction], [CostPrice], [Status]) VALUES (N'2deafbd7-aadc-408d-a6fd-94a4377896e1', N'5962de3a-c616-498f-a6e7-ca56ef9455d3', N'7f697aeb-42fd-4c32-bc13-ed11f88ab74a', N'6778ef5b-5901-46e2-9ca9-7bea36e4ff9b', 1000, 152500, 250000, 1)
INSERT [dbo].[ProductItems] ([Id], [ProductId], [ColorId], [SizeId], [AvaiableQuantity], [PriceAfterReduction], [CostPrice], [Status]) VALUES (N'24b225c9-c57a-4611-bd80-94fb4c10a2d1', N'4b75442b-73ca-4903-b674-e5cd70098576', N'7f697aeb-42fd-4c32-bc13-ed11f88ab74a', N'c1377708-db38-440b-833d-0e99259e50bb', 1000, 125000, 250000, 1)
INSERT [dbo].[ProductItems] ([Id], [ProductId], [ColorId], [SizeId], [AvaiableQuantity], [PriceAfterReduction], [CostPrice], [Status]) VALUES (N'e2e7baec-d001-4724-b4a3-955757b4c32f', N'52f83c12-7e8a-42c8-9cf1-c0f92a7282a4', N'7f697aeb-42fd-4c32-bc13-ed11f88ab74a', N'c1377708-db38-440b-833d-0e99259e50bb', 1000, 152500, 250000, 1)
INSERT [dbo].[ProductItems] ([Id], [ProductId], [ColorId], [SizeId], [AvaiableQuantity], [PriceAfterReduction], [CostPrice], [Status]) VALUES (N'0803cfa1-65b9-4371-8db4-95984302f7a0', N'757851aa-3d6c-4df2-bf47-cb544ebc62e5', N'47520ecd-4f7d-4786-b425-b2a4adbfe9be', N'c1377708-db38-440b-833d-0e99259e50bb', 1000, 152500, 250000, 1)
INSERT [dbo].[ProductItems] ([Id], [ProductId], [ColorId], [SizeId], [AvaiableQuantity], [PriceAfterReduction], [CostPrice], [Status]) VALUES (N'bae7c0d8-1f76-41de-a179-967424d48bd3', N'74e9bd7b-0b24-438a-8c33-ce82b9f3fde3', N'7f697aeb-42fd-4c32-bc13-ed11f88ab74a', N'70591428-7358-4c0d-a7b7-4a30f1236f15', 1000, 250000, 250000, 1)
INSERT [dbo].[ProductItems] ([Id], [ProductId], [ColorId], [SizeId], [AvaiableQuantity], [PriceAfterReduction], [CostPrice], [Status]) VALUES (N'6ee9a321-ace5-4372-a614-969acba12480', N'74e9bd7b-0b24-438a-8c33-ce82b9f3fde3', N'7f697aeb-42fd-4c32-bc13-ed11f88ab74a', N'd1e0eec9-81a1-4dd8-a70f-469f1d0fe021', 1000, 250000, 250000, 1)
INSERT [dbo].[ProductItems] ([Id], [ProductId], [ColorId], [SizeId], [AvaiableQuantity], [PriceAfterReduction], [CostPrice], [Status]) VALUES (N'8f6621f7-65ca-44ab-af76-9779850e0204', N'4d43e349-f7af-4789-b391-2fbaf497bfba', N'47520ecd-4f7d-4786-b425-b2a4adbfe9be', N'd1e0eec9-81a1-4dd8-a70f-469f1d0fe021', 1000, 200000, 250000, 1)
INSERT [dbo].[ProductItems] ([Id], [ProductId], [ColorId], [SizeId], [AvaiableQuantity], [PriceAfterReduction], [CostPrice], [Status]) VALUES (N'5219dfbd-0ace-48fe-ab61-99706fd6af8e', N'5962de3a-c616-498f-a6e7-ca56ef9455d3', N'5bc1a17e-a2c1-42bf-8de5-31cf2a0ee53a', N'a3c4f5d9-ab25-44b5-b3f8-d4505fcbbf62', 1000, 152500, 250000, 1)
INSERT [dbo].[ProductItems] ([Id], [ProductId], [ColorId], [SizeId], [AvaiableQuantity], [PriceAfterReduction], [CostPrice], [Status]) VALUES (N'499ca648-a118-456f-9a6c-9aee5da016fa', N'52f83c12-7e8a-42c8-9cf1-c0f92a7282a4', N'0ed1e297-5644-4bc7-9486-cf69bf7994a2', N'c1377708-db38-440b-833d-0e99259e50bb', 1000, 152500, 250000, 1)
INSERT [dbo].[ProductItems] ([Id], [ProductId], [ColorId], [SizeId], [AvaiableQuantity], [PriceAfterReduction], [CostPrice], [Status]) VALUES (N'2adb5ef7-6218-4c8b-92e0-9afb32c1a9f1', N'31e98018-a7ff-440f-931a-3d93b6ad111b', N'5bc1a17e-a2c1-42bf-8de5-31cf2a0ee53a', N'6778ef5b-5901-46e2-9ca9-7bea36e4ff9b', 1000, 175000, 250000, 1)
INSERT [dbo].[ProductItems] ([Id], [ProductId], [ColorId], [SizeId], [AvaiableQuantity], [PriceAfterReduction], [CostPrice], [Status]) VALUES (N'27a49072-3c58-4846-94d9-9b521efb28e5', N'52f83c12-7e8a-42c8-9cf1-c0f92a7282a4', N'79b80749-b18b-4875-9f27-75f5d6ad4f93', N'70591428-7358-4c0d-a7b7-4a30f1236f15', 1000, 152500, 250000, 1)
INSERT [dbo].[ProductItems] ([Id], [ProductId], [ColorId], [SizeId], [AvaiableQuantity], [PriceAfterReduction], [CostPrice], [Status]) VALUES (N'42fb6dbf-ee6f-4f4a-a589-9c00fcee6f20', N'74e9bd7b-0b24-438a-8c33-ce82b9f3fde3', N'5bc1a17e-a2c1-42bf-8de5-31cf2a0ee53a', N'd1e0eec9-81a1-4dd8-a70f-469f1d0fe021', 1000, 250000, 250000, 1)
INSERT [dbo].[ProductItems] ([Id], [ProductId], [ColorId], [SizeId], [AvaiableQuantity], [PriceAfterReduction], [CostPrice], [Status]) VALUES (N'fc03903e-c715-4a11-8df6-9c094348842d', N'5962de3a-c616-498f-a6e7-ca56ef9455d3', N'5bc1a17e-a2c1-42bf-8de5-31cf2a0ee53a', N'70591428-7358-4c0d-a7b7-4a30f1236f15', 1000, 152500, 250000, 1)
INSERT [dbo].[ProductItems] ([Id], [ProductId], [ColorId], [SizeId], [AvaiableQuantity], [PriceAfterReduction], [CostPrice], [Status]) VALUES (N'dad346a0-e558-43fa-8ed6-9c682f914d2d', N'4b75442b-73ca-4903-b674-e5cd70098576', N'79b80749-b18b-4875-9f27-75f5d6ad4f93', N'c1377708-db38-440b-833d-0e99259e50bb', 1000, 125000, 250000, 1)
INSERT [dbo].[ProductItems] ([Id], [ProductId], [ColorId], [SizeId], [AvaiableQuantity], [PriceAfterReduction], [CostPrice], [Status]) VALUES (N'8c3b0d7b-7c0d-4469-bfb0-9d3b98812e0e', N'52f83c12-7e8a-42c8-9cf1-c0f92a7282a4', N'5bc1a17e-a2c1-42bf-8de5-31cf2a0ee53a', N'6778ef5b-5901-46e2-9ca9-7bea36e4ff9b', 1000, 152500, 250000, 1)
INSERT [dbo].[ProductItems] ([Id], [ProductId], [ColorId], [SizeId], [AvaiableQuantity], [PriceAfterReduction], [CostPrice], [Status]) VALUES (N'ad20e317-6715-484e-9758-9d5c71dd7276', N'4d43e349-f7af-4789-b391-2fbaf497bfba', N'7f697aeb-42fd-4c32-bc13-ed11f88ab74a', N'c1377708-db38-440b-833d-0e99259e50bb', 1000, 200000, 250000, 1)
INSERT [dbo].[ProductItems] ([Id], [ProductId], [ColorId], [SizeId], [AvaiableQuantity], [PriceAfterReduction], [CostPrice], [Status]) VALUES (N'eed8de4a-5eff-4604-a0d0-9e3acd4e2bb6', N'5962de3a-c616-498f-a6e7-ca56ef9455d3', N'47520ecd-4f7d-4786-b425-b2a4adbfe9be', N'6778ef5b-5901-46e2-9ca9-7bea36e4ff9b', 1000, 152500, 250000, 1)
INSERT [dbo].[ProductItems] ([Id], [ProductId], [ColorId], [SizeId], [AvaiableQuantity], [PriceAfterReduction], [CostPrice], [Status]) VALUES (N'3fdd1e21-2d7f-4c0c-8f79-9ea410f7c890', N'55a286e9-4468-40b9-a21b-5590f151a53d', N'5bc1a17e-a2c1-42bf-8de5-31cf2a0ee53a', N'70591428-7358-4c0d-a7b7-4a30f1236f15', 1000, 175000, 250000, 1)
INSERT [dbo].[ProductItems] ([Id], [ProductId], [ColorId], [SizeId], [AvaiableQuantity], [PriceAfterReduction], [CostPrice], [Status]) VALUES (N'e9a75d37-b7a0-4dbb-8e0e-9f511f849606', N'3ac37b1c-d3e1-4243-a07c-8b5fc80a931e', N'0ed1e297-5644-4bc7-9486-cf69bf7994a2', N'6778ef5b-5901-46e2-9ca9-7bea36e4ff9b', 1000, 152500, 250000, 1)
INSERT [dbo].[ProductItems] ([Id], [ProductId], [ColorId], [SizeId], [AvaiableQuantity], [PriceAfterReduction], [CostPrice], [Status]) VALUES (N'f88b54dc-a671-4633-88a5-9fc55202b00d', N'757851aa-3d6c-4df2-bf47-cb544ebc62e5', N'47520ecd-4f7d-4786-b425-b2a4adbfe9be', N'6778ef5b-5901-46e2-9ca9-7bea36e4ff9b', 1000, 152500, 250000, 1)
INSERT [dbo].[ProductItems] ([Id], [ProductId], [ColorId], [SizeId], [AvaiableQuantity], [PriceAfterReduction], [CostPrice], [Status]) VALUES (N'02da33c9-aba0-4521-8559-a087713e67b7', N'deebe34e-518f-4a9c-98e9-e3c244c7c590', N'47520ecd-4f7d-4786-b425-b2a4adbfe9be', N'd1e0eec9-81a1-4dd8-a70f-469f1d0fe021', 1000, 125000, 250000, 1)
INSERT [dbo].[ProductItems] ([Id], [ProductId], [ColorId], [SizeId], [AvaiableQuantity], [PriceAfterReduction], [CostPrice], [Status]) VALUES (N'd13ae761-2ebf-4a3d-a19b-a1605a8d1a9b', N'7dd6a992-a6da-445a-8fb0-718aabc21dff', N'7f697aeb-42fd-4c32-bc13-ed11f88ab74a', N'd1e0eec9-81a1-4dd8-a70f-469f1d0fe021', 1000, 165000, 250000, 1)
INSERT [dbo].[ProductItems] ([Id], [ProductId], [ColorId], [SizeId], [AvaiableQuantity], [PriceAfterReduction], [CostPrice], [Status]) VALUES (N'89b8a5b3-c28d-40b6-b488-a1fd666e09e0', N'7dd6a992-a6da-445a-8fb0-718aabc21dff', N'7f697aeb-42fd-4c32-bc13-ed11f88ab74a', N'a3c4f5d9-ab25-44b5-b3f8-d4505fcbbf62', 1000, 165000, 250000, 1)
INSERT [dbo].[ProductItems] ([Id], [ProductId], [ColorId], [SizeId], [AvaiableQuantity], [PriceAfterReduction], [CostPrice], [Status]) VALUES (N'35d50fa3-239b-486d-bd86-a20e95baa50b', N'4d43e349-f7af-4789-b391-2fbaf497bfba', N'79b80749-b18b-4875-9f27-75f5d6ad4f93', N'70591428-7358-4c0d-a7b7-4a30f1236f15', 1000, 200000, 250000, 1)
INSERT [dbo].[ProductItems] ([Id], [ProductId], [ColorId], [SizeId], [AvaiableQuantity], [PriceAfterReduction], [CostPrice], [Status]) VALUES (N'd935106c-0612-4df5-b68c-a21a72cb3bbb', N'b2e05e32-fcb5-4828-bfd9-4c7e5e8ad8ac', N'7f697aeb-42fd-4c32-bc13-ed11f88ab74a', N'a3c4f5d9-ab25-44b5-b3f8-d4505fcbbf62', 1000, 175000, 250000, 1)
INSERT [dbo].[ProductItems] ([Id], [ProductId], [ColorId], [SizeId], [AvaiableQuantity], [PriceAfterReduction], [CostPrice], [Status]) VALUES (N'b85265bc-6c92-48cf-8850-a21ddbf03592', N'4d43e349-f7af-4789-b391-2fbaf497bfba', N'79b80749-b18b-4875-9f27-75f5d6ad4f93', N'6778ef5b-5901-46e2-9ca9-7bea36e4ff9b', 1000, 200000, 250000, 1)
INSERT [dbo].[ProductItems] ([Id], [ProductId], [ColorId], [SizeId], [AvaiableQuantity], [PriceAfterReduction], [CostPrice], [Status]) VALUES (N'6e5adb02-9321-492b-909d-a3ca15cf8af9', N'74e9bd7b-0b24-438a-8c33-ce82b9f3fde3', N'47520ecd-4f7d-4786-b425-b2a4adbfe9be', N'a3c4f5d9-ab25-44b5-b3f8-d4505fcbbf62', 1000, 250000, 250000, 1)
INSERT [dbo].[ProductItems] ([Id], [ProductId], [ColorId], [SizeId], [AvaiableQuantity], [PriceAfterReduction], [CostPrice], [Status]) VALUES (N'0eabe967-41f1-42af-9550-a3de2aa9ce01', N'4b75442b-73ca-4903-b674-e5cd70098576', N'7f697aeb-42fd-4c32-bc13-ed11f88ab74a', N'd1e0eec9-81a1-4dd8-a70f-469f1d0fe021', 1000, 125000, 250000, 1)
INSERT [dbo].[ProductItems] ([Id], [ProductId], [ColorId], [SizeId], [AvaiableQuantity], [PriceAfterReduction], [CostPrice], [Status]) VALUES (N'4a99f883-53f1-4c12-8277-a41a6e9489bf', N'b2e05e32-fcb5-4828-bfd9-4c7e5e8ad8ac', N'7f697aeb-42fd-4c32-bc13-ed11f88ab74a', N'c1377708-db38-440b-833d-0e99259e50bb', 1000, 175000, 250000, 1)
INSERT [dbo].[ProductItems] ([Id], [ProductId], [ColorId], [SizeId], [AvaiableQuantity], [PriceAfterReduction], [CostPrice], [Status]) VALUES (N'5be84c1b-e78b-453c-a3e2-a46e4a98a3c2', N'52f83c12-7e8a-42c8-9cf1-c0f92a7282a4', N'7f697aeb-42fd-4c32-bc13-ed11f88ab74a', N'6778ef5b-5901-46e2-9ca9-7bea36e4ff9b', 1000, 152500, 250000, 1)
INSERT [dbo].[ProductItems] ([Id], [ProductId], [ColorId], [SizeId], [AvaiableQuantity], [PriceAfterReduction], [CostPrice], [Status]) VALUES (N'991a8fe1-485c-43b1-8395-a54fb92f0d44', N'3ac37b1c-d3e1-4243-a07c-8b5fc80a931e', N'5bc1a17e-a2c1-42bf-8de5-31cf2a0ee53a', N'70591428-7358-4c0d-a7b7-4a30f1236f15', 1000, 152500, 250000, 1)
INSERT [dbo].[ProductItems] ([Id], [ProductId], [ColorId], [SizeId], [AvaiableQuantity], [PriceAfterReduction], [CostPrice], [Status]) VALUES (N'ed11b731-fc89-4a25-8dde-a5c52f769c0f', N'55a286e9-4468-40b9-a21b-5590f151a53d', N'5bc1a17e-a2c1-42bf-8de5-31cf2a0ee53a', N'6778ef5b-5901-46e2-9ca9-7bea36e4ff9b', 1000, 175000, 250000, 1)
INSERT [dbo].[ProductItems] ([Id], [ProductId], [ColorId], [SizeId], [AvaiableQuantity], [PriceAfterReduction], [CostPrice], [Status]) VALUES (N'03ac6e28-d467-4600-a76b-a6ff17d56add', N'31e98018-a7ff-440f-931a-3d93b6ad111b', N'5bc1a17e-a2c1-42bf-8de5-31cf2a0ee53a', N'a3c4f5d9-ab25-44b5-b3f8-d4505fcbbf62', 1000, 175000, 250000, 1)
INSERT [dbo].[ProductItems] ([Id], [ProductId], [ColorId], [SizeId], [AvaiableQuantity], [PriceAfterReduction], [CostPrice], [Status]) VALUES (N'429150a5-5af0-4aab-99f8-a7732680de20', N'3ac37b1c-d3e1-4243-a07c-8b5fc80a931e', N'79b80749-b18b-4875-9f27-75f5d6ad4f93', N'70591428-7358-4c0d-a7b7-4a30f1236f15', 1000, 152500, 250000, 1)
INSERT [dbo].[ProductItems] ([Id], [ProductId], [ColorId], [SizeId], [AvaiableQuantity], [PriceAfterReduction], [CostPrice], [Status]) VALUES (N'7e38ad9c-7572-435b-9a23-a8036c2d64eb', N'3ac37b1c-d3e1-4243-a07c-8b5fc80a931e', N'7f697aeb-42fd-4c32-bc13-ed11f88ab74a', N'c1377708-db38-440b-833d-0e99259e50bb', 1000, 152500, 250000, 1)
INSERT [dbo].[ProductItems] ([Id], [ProductId], [ColorId], [SizeId], [AvaiableQuantity], [PriceAfterReduction], [CostPrice], [Status]) VALUES (N'9a8b1045-06d6-4f8e-b4b0-a94c29b5457d', N'55a286e9-4468-40b9-a21b-5590f151a53d', N'5bc1a17e-a2c1-42bf-8de5-31cf2a0ee53a', N'c1377708-db38-440b-833d-0e99259e50bb', 1000, 175000, 250000, 1)
INSERT [dbo].[ProductItems] ([Id], [ProductId], [ColorId], [SizeId], [AvaiableQuantity], [PriceAfterReduction], [CostPrice], [Status]) VALUES (N'2a447516-9558-47b8-98b1-a9ad3ba4a2aa', N'3b838f25-291c-410d-8dac-05e7b79afcb1', N'7f697aeb-42fd-4c32-bc13-ed11f88ab74a', N'd1e0eec9-81a1-4dd8-a70f-469f1d0fe021', 1000, 200000, 250000, 1)
INSERT [dbo].[ProductItems] ([Id], [ProductId], [ColorId], [SizeId], [AvaiableQuantity], [PriceAfterReduction], [CostPrice], [Status]) VALUES (N'76e93a39-5a29-4fe5-a63d-adf9a407330e', N'4d43e349-f7af-4789-b391-2fbaf497bfba', N'0ed1e297-5644-4bc7-9486-cf69bf7994a2', N'c1377708-db38-440b-833d-0e99259e50bb', 1000, 200000, 250000, 1)
INSERT [dbo].[ProductItems] ([Id], [ProductId], [ColorId], [SizeId], [AvaiableQuantity], [PriceAfterReduction], [CostPrice], [Status]) VALUES (N'4ff145fc-fa1f-4fb3-bb19-ae651b8907b5', N'1455d77c-170d-4a55-825d-8c6f17510691', N'0ed1e297-5644-4bc7-9486-cf69bf7994a2', N'6778ef5b-5901-46e2-9ca9-7bea36e4ff9b', 1000, 152500, 250000, 1)
INSERT [dbo].[ProductItems] ([Id], [ProductId], [ColorId], [SizeId], [AvaiableQuantity], [PriceAfterReduction], [CostPrice], [Status]) VALUES (N'0a8c9c9f-b659-4ce1-ad03-aeba60bae4f3', N'31e98018-a7ff-440f-931a-3d93b6ad111b', N'0ed1e297-5644-4bc7-9486-cf69bf7994a2', N'70591428-7358-4c0d-a7b7-4a30f1236f15', 1000, 175000, 250000, 1)
INSERT [dbo].[ProductItems] ([Id], [ProductId], [ColorId], [SizeId], [AvaiableQuantity], [PriceAfterReduction], [CostPrice], [Status]) VALUES (N'007e7eaf-7b71-460a-9a06-aec98e1ad0a2', N'7dd6a992-a6da-445a-8fb0-718aabc21dff', N'47520ecd-4f7d-4786-b425-b2a4adbfe9be', N'6778ef5b-5901-46e2-9ca9-7bea36e4ff9b', 1000, 165000, 250000, 1)
INSERT [dbo].[ProductItems] ([Id], [ProductId], [ColorId], [SizeId], [AvaiableQuantity], [PriceAfterReduction], [CostPrice], [Status]) VALUES (N'1e01a995-00e8-4e55-8fb8-af14886e4609', N'1455d77c-170d-4a55-825d-8c6f17510691', N'0ed1e297-5644-4bc7-9486-cf69bf7994a2', N'70591428-7358-4c0d-a7b7-4a30f1236f15', 1000, 152500, 250000, 1)
INSERT [dbo].[ProductItems] ([Id], [ProductId], [ColorId], [SizeId], [AvaiableQuantity], [PriceAfterReduction], [CostPrice], [Status]) VALUES (N'45da0ee0-3356-4658-834f-af777acfa3a2', N'74e9bd7b-0b24-438a-8c33-ce82b9f3fde3', N'5bc1a17e-a2c1-42bf-8de5-31cf2a0ee53a', N'6778ef5b-5901-46e2-9ca9-7bea36e4ff9b', 1000, 250000, 250000, 1)
INSERT [dbo].[ProductItems] ([Id], [ProductId], [ColorId], [SizeId], [AvaiableQuantity], [PriceAfterReduction], [CostPrice], [Status]) VALUES (N'fe1dc547-5158-43ed-a00c-afb8312d633f', N'deebe34e-518f-4a9c-98e9-e3c244c7c590', N'5bc1a17e-a2c1-42bf-8de5-31cf2a0ee53a', N'6778ef5b-5901-46e2-9ca9-7bea36e4ff9b', 1000, 125000, 250000, 1)
INSERT [dbo].[ProductItems] ([Id], [ProductId], [ColorId], [SizeId], [AvaiableQuantity], [PriceAfterReduction], [CostPrice], [Status]) VALUES (N'01aad59c-9e6e-43bf-bcaf-b0998b32ed25', N'3b838f25-291c-410d-8dac-05e7b79afcb1', N'7f697aeb-42fd-4c32-bc13-ed11f88ab74a', N'd1e0eec9-81a1-4dd8-a70f-469f1d0fe021', 1000, 200000, 250000, 1)
INSERT [dbo].[ProductItems] ([Id], [ProductId], [ColorId], [SizeId], [AvaiableQuantity], [PriceAfterReduction], [CostPrice], [Status]) VALUES (N'9a1a7cc2-455c-425d-acba-b0ce54fdb892', N'a3ce510a-074a-4a51-b590-1bd0eeaa064d', N'7f697aeb-42fd-4c32-bc13-ed11f88ab74a', N'd1e0eec9-81a1-4dd8-a70f-469f1d0fe021', 1000, 200000, 250000, 1)
INSERT [dbo].[ProductItems] ([Id], [ProductId], [ColorId], [SizeId], [AvaiableQuantity], [PriceAfterReduction], [CostPrice], [Status]) VALUES (N'09e036dd-2e4f-469d-ac67-b0e22b877762', N'4b75442b-73ca-4903-b674-e5cd70098576', N'79b80749-b18b-4875-9f27-75f5d6ad4f93', N'70591428-7358-4c0d-a7b7-4a30f1236f15', 1000, 125000, 250000, 1)
INSERT [dbo].[ProductItems] ([Id], [ProductId], [ColorId], [SizeId], [AvaiableQuantity], [PriceAfterReduction], [CostPrice], [Status]) VALUES (N'cf806d2c-a13c-49cd-9699-b4e07e067846', N'ee8d11c6-0d5a-4a9e-af89-e2f833e6fd94', N'7f697aeb-42fd-4c32-bc13-ed11f88ab74a', N'6778ef5b-5901-46e2-9ca9-7bea36e4ff9b', 1000, 152500, 250000, 1)
INSERT [dbo].[ProductItems] ([Id], [ProductId], [ColorId], [SizeId], [AvaiableQuantity], [PriceAfterReduction], [CostPrice], [Status]) VALUES (N'cc28e066-0930-4b8c-8946-b4eb1b964cb2', N'52f83c12-7e8a-42c8-9cf1-c0f92a7282a4', N'79b80749-b18b-4875-9f27-75f5d6ad4f93', N'6778ef5b-5901-46e2-9ca9-7bea36e4ff9b', 1000, 152500, 250000, 1)
INSERT [dbo].[ProductItems] ([Id], [ProductId], [ColorId], [SizeId], [AvaiableQuantity], [PriceAfterReduction], [CostPrice], [Status]) VALUES (N'd40eab75-eebd-4cee-b056-b4fd71dbdb2e', N'ee8d11c6-0d5a-4a9e-af89-e2f833e6fd94', N'79b80749-b18b-4875-9f27-75f5d6ad4f93', N'70591428-7358-4c0d-a7b7-4a30f1236f15', 1000, 152500, 250000, 1)
INSERT [dbo].[ProductItems] ([Id], [ProductId], [ColorId], [SizeId], [AvaiableQuantity], [PriceAfterReduction], [CostPrice], [Status]) VALUES (N'493a834d-4aa6-4765-86fa-b573582ef8fd', N'3ac37b1c-d3e1-4243-a07c-8b5fc80a931e', N'79b80749-b18b-4875-9f27-75f5d6ad4f93', N'd1e0eec9-81a1-4dd8-a70f-469f1d0fe021', 1000, 152500, 250000, 1)
INSERT [dbo].[ProductItems] ([Id], [ProductId], [ColorId], [SizeId], [AvaiableQuantity], [PriceAfterReduction], [CostPrice], [Status]) VALUES (N'e561167a-d1c1-4efc-a258-b60076f6dde2', N'4b75442b-73ca-4903-b674-e5cd70098576', N'5bc1a17e-a2c1-42bf-8de5-31cf2a0ee53a', N'd1e0eec9-81a1-4dd8-a70f-469f1d0fe021', 1000, 125000, 250000, 1)
INSERT [dbo].[ProductItems] ([Id], [ProductId], [ColorId], [SizeId], [AvaiableQuantity], [PriceAfterReduction], [CostPrice], [Status]) VALUES (N'753ea246-7886-467c-9a82-b642f3b9d196', N'b2e05e32-fcb5-4828-bfd9-4c7e5e8ad8ac', N'47520ecd-4f7d-4786-b425-b2a4adbfe9be', N'70591428-7358-4c0d-a7b7-4a30f1236f15', 1000, 175000, 250000, 1)
INSERT [dbo].[ProductItems] ([Id], [ProductId], [ColorId], [SizeId], [AvaiableQuantity], [PriceAfterReduction], [CostPrice], [Status]) VALUES (N'89baf4dc-4ed2-45b9-99d7-b662d58405dd', N'4b75442b-73ca-4903-b674-e5cd70098576', N'79b80749-b18b-4875-9f27-75f5d6ad4f93', N'd1e0eec9-81a1-4dd8-a70f-469f1d0fe021', 1000, 125000, 250000, 1)
INSERT [dbo].[ProductItems] ([Id], [ProductId], [ColorId], [SizeId], [AvaiableQuantity], [PriceAfterReduction], [CostPrice], [Status]) VALUES (N'68e069dd-1259-46db-a1ee-b6b0a3dfa5ea', N'1455d77c-170d-4a55-825d-8c6f17510691', N'5bc1a17e-a2c1-42bf-8de5-31cf2a0ee53a', N'70591428-7358-4c0d-a7b7-4a30f1236f15', 1000, 152500, 250000, 1)
INSERT [dbo].[ProductItems] ([Id], [ProductId], [ColorId], [SizeId], [AvaiableQuantity], [PriceAfterReduction], [CostPrice], [Status]) VALUES (N'a7dc9cd3-b221-4798-be8e-b6c1f2c1c6f8', N'4d43e349-f7af-4789-b391-2fbaf497bfba', N'0ed1e297-5644-4bc7-9486-cf69bf7994a2', N'6778ef5b-5901-46e2-9ca9-7bea36e4ff9b', 1000, 200000, 250000, 1)
INSERT [dbo].[ProductItems] ([Id], [ProductId], [ColorId], [SizeId], [AvaiableQuantity], [PriceAfterReduction], [CostPrice], [Status]) VALUES (N'57597c65-ba68-4e4a-a787-b6ebc4bd5117', N'39fb3633-9fb7-4c2b-b346-e8e4721356f1', N'5bc1a17e-a2c1-42bf-8de5-31cf2a0ee53a', N'd1e0eec9-81a1-4dd8-a70f-469f1d0fe021', 1000, 125000, 250000, 1)
INSERT [dbo].[ProductItems] ([Id], [ProductId], [ColorId], [SizeId], [AvaiableQuantity], [PriceAfterReduction], [CostPrice], [Status]) VALUES (N'5fbf6658-73c3-48cb-ab84-b74f62f25daa', N'55a286e9-4468-40b9-a21b-5590f151a53d', N'47520ecd-4f7d-4786-b425-b2a4adbfe9be', N'c1377708-db38-440b-833d-0e99259e50bb', 1000, 175000, 250000, 1)
GO
INSERT [dbo].[ProductItems] ([Id], [ProductId], [ColorId], [SizeId], [AvaiableQuantity], [PriceAfterReduction], [CostPrice], [Status]) VALUES (N'52283d1f-0209-499e-b1d7-b802fddf5121', N'ee8d11c6-0d5a-4a9e-af89-e2f833e6fd94', N'5bc1a17e-a2c1-42bf-8de5-31cf2a0ee53a', N'70591428-7358-4c0d-a7b7-4a30f1236f15', 1000, 152500, 250000, 1)
INSERT [dbo].[ProductItems] ([Id], [ProductId], [ColorId], [SizeId], [AvaiableQuantity], [PriceAfterReduction], [CostPrice], [Status]) VALUES (N'fc210aaa-0246-4506-a211-b80591b9fc08', N'74e9bd7b-0b24-438a-8c33-ce82b9f3fde3', N'5bc1a17e-a2c1-42bf-8de5-31cf2a0ee53a', N'70591428-7358-4c0d-a7b7-4a30f1236f15', 1000, 250000, 250000, 1)
INSERT [dbo].[ProductItems] ([Id], [ProductId], [ColorId], [SizeId], [AvaiableQuantity], [PriceAfterReduction], [CostPrice], [Status]) VALUES (N'adfa1059-888c-4c63-ba91-b86b135eb4a9', N'757851aa-3d6c-4df2-bf47-cb544ebc62e5', N'47520ecd-4f7d-4786-b425-b2a4adbfe9be', N'a3c4f5d9-ab25-44b5-b3f8-d4505fcbbf62', 1000, 152500, 250000, 1)
INSERT [dbo].[ProductItems] ([Id], [ProductId], [ColorId], [SizeId], [AvaiableQuantity], [PriceAfterReduction], [CostPrice], [Status]) VALUES (N'2b9daf68-2105-4639-9f77-b86fa35dd292', N'1455d77c-170d-4a55-825d-8c6f17510691', N'7f697aeb-42fd-4c32-bc13-ed11f88ab74a', N'6778ef5b-5901-46e2-9ca9-7bea36e4ff9b', 1000, 152500, 250000, 1)
INSERT [dbo].[ProductItems] ([Id], [ProductId], [ColorId], [SizeId], [AvaiableQuantity], [PriceAfterReduction], [CostPrice], [Status]) VALUES (N'e222fffb-c59f-44d0-8832-b8f08bd9b116', N'757851aa-3d6c-4df2-bf47-cb544ebc62e5', N'7f697aeb-42fd-4c32-bc13-ed11f88ab74a', N'6778ef5b-5901-46e2-9ca9-7bea36e4ff9b', 1000, 152500, 250000, 1)
INSERT [dbo].[ProductItems] ([Id], [ProductId], [ColorId], [SizeId], [AvaiableQuantity], [PriceAfterReduction], [CostPrice], [Status]) VALUES (N'52e73486-c0fa-498a-9339-b90d9f58e674', N'93d03f30-c3e7-420a-b909-92220a72f6b4', N'47520ecd-4f7d-4786-b425-b2a4adbfe9be', N'6778ef5b-5901-46e2-9ca9-7bea36e4ff9b', 1000, 152500, 250000, 1)
INSERT [dbo].[ProductItems] ([Id], [ProductId], [ColorId], [SizeId], [AvaiableQuantity], [PriceAfterReduction], [CostPrice], [Status]) VALUES (N'ddeaa11f-2218-4925-a170-ba45a9c01d12', N'deebe34e-518f-4a9c-98e9-e3c244c7c590', N'7f697aeb-42fd-4c32-bc13-ed11f88ab74a', N'70591428-7358-4c0d-a7b7-4a30f1236f15', 1000, 125000, 250000, 1)
INSERT [dbo].[ProductItems] ([Id], [ProductId], [ColorId], [SizeId], [AvaiableQuantity], [PriceAfterReduction], [CostPrice], [Status]) VALUES (N'bb87ebbf-7c5a-4a88-b179-ba4ef7d25716', N'4d43e349-f7af-4789-b391-2fbaf497bfba', N'5bc1a17e-a2c1-42bf-8de5-31cf2a0ee53a', N'd1e0eec9-81a1-4dd8-a70f-469f1d0fe021', 1000, 200000, 250000, 1)
INSERT [dbo].[ProductItems] ([Id], [ProductId], [ColorId], [SizeId], [AvaiableQuantity], [PriceAfterReduction], [CostPrice], [Status]) VALUES (N'edd833bb-9931-4a0f-9acf-bad6ef0dae24', N'3ac37b1c-d3e1-4243-a07c-8b5fc80a931e', N'79b80749-b18b-4875-9f27-75f5d6ad4f93', N'6778ef5b-5901-46e2-9ca9-7bea36e4ff9b', 1000, 152500, 250000, 1)
INSERT [dbo].[ProductItems] ([Id], [ProductId], [ColorId], [SizeId], [AvaiableQuantity], [PriceAfterReduction], [CostPrice], [Status]) VALUES (N'78f1f1ec-d2dd-4e4d-b79a-bb98171440ac', N'ee8d11c6-0d5a-4a9e-af89-e2f833e6fd94', N'5bc1a17e-a2c1-42bf-8de5-31cf2a0ee53a', N'a3c4f5d9-ab25-44b5-b3f8-d4505fcbbf62', 1000, 152500, 250000, 1)
INSERT [dbo].[ProductItems] ([Id], [ProductId], [ColorId], [SizeId], [AvaiableQuantity], [PriceAfterReduction], [CostPrice], [Status]) VALUES (N'57ca98aa-05cc-4895-a748-bca3e30fcd72', N'7dd6a992-a6da-445a-8fb0-718aabc21dff', N'79b80749-b18b-4875-9f27-75f5d6ad4f93', N'a3c4f5d9-ab25-44b5-b3f8-d4505fcbbf62', 1000, 165000, 250000, 1)
INSERT [dbo].[ProductItems] ([Id], [ProductId], [ColorId], [SizeId], [AvaiableQuantity], [PriceAfterReduction], [CostPrice], [Status]) VALUES (N'92a8082f-d7a6-45ef-b4f5-bd5e78c87f5d', N'55a286e9-4468-40b9-a21b-5590f151a53d', N'5bc1a17e-a2c1-42bf-8de5-31cf2a0ee53a', N'd1e0eec9-81a1-4dd8-a70f-469f1d0fe021', 1000, 175000, 250000, 1)
INSERT [dbo].[ProductItems] ([Id], [ProductId], [ColorId], [SizeId], [AvaiableQuantity], [PriceAfterReduction], [CostPrice], [Status]) VALUES (N'ca2dd6c0-ca10-4191-80bf-be764e3bf21c', N'757851aa-3d6c-4df2-bf47-cb544ebc62e5', N'5bc1a17e-a2c1-42bf-8de5-31cf2a0ee53a', N'70591428-7358-4c0d-a7b7-4a30f1236f15', 1000, 152500, 250000, 1)
INSERT [dbo].[ProductItems] ([Id], [ProductId], [ColorId], [SizeId], [AvaiableQuantity], [PriceAfterReduction], [CostPrice], [Status]) VALUES (N'3086d930-f9a5-419e-95d7-beb198215c3b', N'3ac37b1c-d3e1-4243-a07c-8b5fc80a931e', N'7f697aeb-42fd-4c32-bc13-ed11f88ab74a', N'70591428-7358-4c0d-a7b7-4a30f1236f15', 1000, 152500, 250000, 1)
INSERT [dbo].[ProductItems] ([Id], [ProductId], [ColorId], [SizeId], [AvaiableQuantity], [PriceAfterReduction], [CostPrice], [Status]) VALUES (N'94c02641-ea99-4f9a-a2c5-bf310a382082', N'deebe34e-518f-4a9c-98e9-e3c244c7c590', N'7f697aeb-42fd-4c32-bc13-ed11f88ab74a', N'c1377708-db38-440b-833d-0e99259e50bb', 1000, 125000, 250000, 1)
INSERT [dbo].[ProductItems] ([Id], [ProductId], [ColorId], [SizeId], [AvaiableQuantity], [PriceAfterReduction], [CostPrice], [Status]) VALUES (N'f459477e-9f7f-4971-ac81-bf3f8534d6d0', N'1455d77c-170d-4a55-825d-8c6f17510691', N'5bc1a17e-a2c1-42bf-8de5-31cf2a0ee53a', N'd1e0eec9-81a1-4dd8-a70f-469f1d0fe021', 1000, 152500, 250000, 1)
INSERT [dbo].[ProductItems] ([Id], [ProductId], [ColorId], [SizeId], [AvaiableQuantity], [PriceAfterReduction], [CostPrice], [Status]) VALUES (N'f732ccfa-3dd2-49e1-a522-c179f1589c44', N'3b838f25-291c-410d-8dac-05e7b79afcb1', N'0ed1e297-5644-4bc7-9486-cf69bf7994a2', N'd1e0eec9-81a1-4dd8-a70f-469f1d0fe021', 1000, 200000, 250000, 1)
INSERT [dbo].[ProductItems] ([Id], [ProductId], [ColorId], [SizeId], [AvaiableQuantity], [PriceAfterReduction], [CostPrice], [Status]) VALUES (N'65dbc6ce-911f-4c27-8fa1-c1b43ca60fe8', N'55a286e9-4468-40b9-a21b-5590f151a53d', N'79b80749-b18b-4875-9f27-75f5d6ad4f93', N'd1e0eec9-81a1-4dd8-a70f-469f1d0fe021', 1000, 175000, 250000, 1)
INSERT [dbo].[ProductItems] ([Id], [ProductId], [ColorId], [SizeId], [AvaiableQuantity], [PriceAfterReduction], [CostPrice], [Status]) VALUES (N'92964413-a486-4c5c-8edf-c2ff2fe70632', N'b2e05e32-fcb5-4828-bfd9-4c7e5e8ad8ac', N'79b80749-b18b-4875-9f27-75f5d6ad4f93', N'd1e0eec9-81a1-4dd8-a70f-469f1d0fe021', 1000, 175000, 250000, 1)
INSERT [dbo].[ProductItems] ([Id], [ProductId], [ColorId], [SizeId], [AvaiableQuantity], [PriceAfterReduction], [CostPrice], [Status]) VALUES (N'c63bfa41-2ddc-494d-a620-c3b1e0331182', N'ee8d11c6-0d5a-4a9e-af89-e2f833e6fd94', N'79b80749-b18b-4875-9f27-75f5d6ad4f93', N'd1e0eec9-81a1-4dd8-a70f-469f1d0fe021', 1000, 152500, 250000, 1)
INSERT [dbo].[ProductItems] ([Id], [ProductId], [ColorId], [SizeId], [AvaiableQuantity], [PriceAfterReduction], [CostPrice], [Status]) VALUES (N'a01a9094-0133-46b1-bb80-c4338414a652', N'deebe34e-518f-4a9c-98e9-e3c244c7c590', N'79b80749-b18b-4875-9f27-75f5d6ad4f93', N'a3c4f5d9-ab25-44b5-b3f8-d4505fcbbf62', 1000, 125000, 250000, 1)
INSERT [dbo].[ProductItems] ([Id], [ProductId], [ColorId], [SizeId], [AvaiableQuantity], [PriceAfterReduction], [CostPrice], [Status]) VALUES (N'2512d728-0e08-47af-b9bc-c43a8a498e0c', N'deebe34e-518f-4a9c-98e9-e3c244c7c590', N'47520ecd-4f7d-4786-b425-b2a4adbfe9be', N'a3c4f5d9-ab25-44b5-b3f8-d4505fcbbf62', 1000, 125000, 250000, 1)
INSERT [dbo].[ProductItems] ([Id], [ProductId], [ColorId], [SizeId], [AvaiableQuantity], [PriceAfterReduction], [CostPrice], [Status]) VALUES (N'50fd5115-3d3c-4979-9433-c499fa9d4fbf', N'31e98018-a7ff-440f-931a-3d93b6ad111b', N'7f697aeb-42fd-4c32-bc13-ed11f88ab74a', N'c1377708-db38-440b-833d-0e99259e50bb', 1000, 175000, 250000, 1)
INSERT [dbo].[ProductItems] ([Id], [ProductId], [ColorId], [SizeId], [AvaiableQuantity], [PriceAfterReduction], [CostPrice], [Status]) VALUES (N'26176d2a-fd91-4f93-85b1-c4a664eb418f', N'4b75442b-73ca-4903-b674-e5cd70098576', N'7f697aeb-42fd-4c32-bc13-ed11f88ab74a', N'70591428-7358-4c0d-a7b7-4a30f1236f15', 1000, 125000, 250000, 1)
INSERT [dbo].[ProductItems] ([Id], [ProductId], [ColorId], [SizeId], [AvaiableQuantity], [PriceAfterReduction], [CostPrice], [Status]) VALUES (N'1ddd69f9-bb26-4f97-ada0-c749c5a863e9', N'52f83c12-7e8a-42c8-9cf1-c0f92a7282a4', N'79b80749-b18b-4875-9f27-75f5d6ad4f93', N'c1377708-db38-440b-833d-0e99259e50bb', 1000, 152500, 250000, 1)
INSERT [dbo].[ProductItems] ([Id], [ProductId], [ColorId], [SizeId], [AvaiableQuantity], [PriceAfterReduction], [CostPrice], [Status]) VALUES (N'3d590b69-05f5-48d5-abff-c7f89d1212af', N'757851aa-3d6c-4df2-bf47-cb544ebc62e5', N'0ed1e297-5644-4bc7-9486-cf69bf7994a2', N'a3c4f5d9-ab25-44b5-b3f8-d4505fcbbf62', 1000, 152500, 250000, 1)
INSERT [dbo].[ProductItems] ([Id], [ProductId], [ColorId], [SizeId], [AvaiableQuantity], [PriceAfterReduction], [CostPrice], [Status]) VALUES (N'6eae94bc-d57e-49fd-9adb-c85b254f6d9c', N'757851aa-3d6c-4df2-bf47-cb544ebc62e5', N'7f697aeb-42fd-4c32-bc13-ed11f88ab74a', N'70591428-7358-4c0d-a7b7-4a30f1236f15', 1000, 152500, 250000, 1)
INSERT [dbo].[ProductItems] ([Id], [ProductId], [ColorId], [SizeId], [AvaiableQuantity], [PriceAfterReduction], [CostPrice], [Status]) VALUES (N'f2f8314d-eb2d-431c-9743-c8fa0fdaa6e3', N'1455d77c-170d-4a55-825d-8c6f17510691', N'79b80749-b18b-4875-9f27-75f5d6ad4f93', N'6778ef5b-5901-46e2-9ca9-7bea36e4ff9b', 1000, 152500, 250000, 1)
INSERT [dbo].[ProductItems] ([Id], [ProductId], [ColorId], [SizeId], [AvaiableQuantity], [PriceAfterReduction], [CostPrice], [Status]) VALUES (N'06478010-46b2-402f-88b3-c9585f9f3a7c', N'1455d77c-170d-4a55-825d-8c6f17510691', N'7f697aeb-42fd-4c32-bc13-ed11f88ab74a', N'a3c4f5d9-ab25-44b5-b3f8-d4505fcbbf62', 1000, 152500, 250000, 1)
INSERT [dbo].[ProductItems] ([Id], [ProductId], [ColorId], [SizeId], [AvaiableQuantity], [PriceAfterReduction], [CostPrice], [Status]) VALUES (N'6ca953a7-1d2e-40d6-b6c9-ca3223ae7b41', N'3b838f25-291c-410d-8dac-05e7b79afcb1', N'5bc1a17e-a2c1-42bf-8de5-31cf2a0ee53a', N'd1e0eec9-81a1-4dd8-a70f-469f1d0fe021', 996, 200000, 250000, 1)
INSERT [dbo].[ProductItems] ([Id], [ProductId], [ColorId], [SizeId], [AvaiableQuantity], [PriceAfterReduction], [CostPrice], [Status]) VALUES (N'97f911df-12db-4a7e-947b-ca63d4b7e337', N'3ac37b1c-d3e1-4243-a07c-8b5fc80a931e', N'7f697aeb-42fd-4c32-bc13-ed11f88ab74a', N'a3c4f5d9-ab25-44b5-b3f8-d4505fcbbf62', 1000, 152500, 250000, 1)
INSERT [dbo].[ProductItems] ([Id], [ProductId], [ColorId], [SizeId], [AvaiableQuantity], [PriceAfterReduction], [CostPrice], [Status]) VALUES (N'b4718e05-4804-4c37-b341-caa114f2a777', N'4b75442b-73ca-4903-b674-e5cd70098576', N'7f697aeb-42fd-4c32-bc13-ed11f88ab74a', N'a3c4f5d9-ab25-44b5-b3f8-d4505fcbbf62', 1000, 125000, 250000, 1)
INSERT [dbo].[ProductItems] ([Id], [ProductId], [ColorId], [SizeId], [AvaiableQuantity], [PriceAfterReduction], [CostPrice], [Status]) VALUES (N'5b9808a6-a1a9-4bc5-b62f-cae3cd7be5e5', N'1455d77c-170d-4a55-825d-8c6f17510691', N'0ed1e297-5644-4bc7-9486-cf69bf7994a2', N'd1e0eec9-81a1-4dd8-a70f-469f1d0fe021', 1000, 152500, 250000, 1)
INSERT [dbo].[ProductItems] ([Id], [ProductId], [ColorId], [SizeId], [AvaiableQuantity], [PriceAfterReduction], [CostPrice], [Status]) VALUES (N'e16032fa-e3ed-43a4-91a2-cb36e85da8d2', N'31e98018-a7ff-440f-931a-3d93b6ad111b', N'7f697aeb-42fd-4c32-bc13-ed11f88ab74a', N'6778ef5b-5901-46e2-9ca9-7bea36e4ff9b', 1000, 175000, 250000, 1)
INSERT [dbo].[ProductItems] ([Id], [ProductId], [ColorId], [SizeId], [AvaiableQuantity], [PriceAfterReduction], [CostPrice], [Status]) VALUES (N'a255989b-c451-4604-80cb-cc47d663c0d0', N'55a286e9-4468-40b9-a21b-5590f151a53d', N'0ed1e297-5644-4bc7-9486-cf69bf7994a2', N'c1377708-db38-440b-833d-0e99259e50bb', 1000, 175000, 250000, 1)
INSERT [dbo].[ProductItems] ([Id], [ProductId], [ColorId], [SizeId], [AvaiableQuantity], [PriceAfterReduction], [CostPrice], [Status]) VALUES (N'd32f1df8-cbcd-44b0-a21f-cd0959d3c6a1', N'b2e05e32-fcb5-4828-bfd9-4c7e5e8ad8ac', N'0ed1e297-5644-4bc7-9486-cf69bf7994a2', N'6778ef5b-5901-46e2-9ca9-7bea36e4ff9b', 1000, 175000, 250000, 1)
INSERT [dbo].[ProductItems] ([Id], [ProductId], [ColorId], [SizeId], [AvaiableQuantity], [PriceAfterReduction], [CostPrice], [Status]) VALUES (N'953560d4-719c-45e6-b14c-cd6b61d5d65b', N'3b838f25-291c-410d-8dac-05e7b79afcb1', N'5bc1a17e-a2c1-42bf-8de5-31cf2a0ee53a', N'd1e0eec9-81a1-4dd8-a70f-469f1d0fe021', 1000, 200000, 250000, 1)
INSERT [dbo].[ProductItems] ([Id], [ProductId], [ColorId], [SizeId], [AvaiableQuantity], [PriceAfterReduction], [CostPrice], [Status]) VALUES (N'2a48a92f-f568-47c3-aa45-ce78817ae8ce', N'deebe34e-518f-4a9c-98e9-e3c244c7c590', N'7f697aeb-42fd-4c32-bc13-ed11f88ab74a', N'a3c4f5d9-ab25-44b5-b3f8-d4505fcbbf62', 1000, 125000, 250000, 1)
INSERT [dbo].[ProductItems] ([Id], [ProductId], [ColorId], [SizeId], [AvaiableQuantity], [PriceAfterReduction], [CostPrice], [Status]) VALUES (N'321de9dd-d4f7-4c93-985e-cf168553b264', N'b2e05e32-fcb5-4828-bfd9-4c7e5e8ad8ac', N'47520ecd-4f7d-4786-b425-b2a4adbfe9be', N'a3c4f5d9-ab25-44b5-b3f8-d4505fcbbf62', 1000, 175000, 250000, 1)
INSERT [dbo].[ProductItems] ([Id], [ProductId], [ColorId], [SizeId], [AvaiableQuantity], [PriceAfterReduction], [CostPrice], [Status]) VALUES (N'cef0acb9-4d26-47fc-8442-cf788cbd1d6d', N'31e98018-a7ff-440f-931a-3d93b6ad111b', N'7f697aeb-42fd-4c32-bc13-ed11f88ab74a', N'a3c4f5d9-ab25-44b5-b3f8-d4505fcbbf62', 1000, 175000, 250000, 1)
INSERT [dbo].[ProductItems] ([Id], [ProductId], [ColorId], [SizeId], [AvaiableQuantity], [PriceAfterReduction], [CostPrice], [Status]) VALUES (N'c32b2eb1-ea44-4ba0-9b1c-cf94296b671a', N'7dd6a992-a6da-445a-8fb0-718aabc21dff', N'47520ecd-4f7d-4786-b425-b2a4adbfe9be', N'70591428-7358-4c0d-a7b7-4a30f1236f15', 1000, 165000, 250000, 1)
INSERT [dbo].[ProductItems] ([Id], [ProductId], [ColorId], [SizeId], [AvaiableQuantity], [PriceAfterReduction], [CostPrice], [Status]) VALUES (N'dc3ed6f4-05cd-43c2-8d41-d09a7bc0c377', N'7dd6a992-a6da-445a-8fb0-718aabc21dff', N'0ed1e297-5644-4bc7-9486-cf69bf7994a2', N'a3c4f5d9-ab25-44b5-b3f8-d4505fcbbf62', 1000, 165000, 250000, 1)
INSERT [dbo].[ProductItems] ([Id], [ProductId], [ColorId], [SizeId], [AvaiableQuantity], [PriceAfterReduction], [CostPrice], [Status]) VALUES (N'8b6bfe63-80d5-4144-bc0c-d13aa1ad6bca', N'1455d77c-170d-4a55-825d-8c6f17510691', N'0ed1e297-5644-4bc7-9486-cf69bf7994a2', N'c1377708-db38-440b-833d-0e99259e50bb', 1000, 152500, 250000, 1)
INSERT [dbo].[ProductItems] ([Id], [ProductId], [ColorId], [SizeId], [AvaiableQuantity], [PriceAfterReduction], [CostPrice], [Status]) VALUES (N'6ff58bc2-3f55-4e98-9058-d144188ee203', N'deebe34e-518f-4a9c-98e9-e3c244c7c590', N'0ed1e297-5644-4bc7-9486-cf69bf7994a2', N'6778ef5b-5901-46e2-9ca9-7bea36e4ff9b', 1000, 125000, 250000, 1)
INSERT [dbo].[ProductItems] ([Id], [ProductId], [ColorId], [SizeId], [AvaiableQuantity], [PriceAfterReduction], [CostPrice], [Status]) VALUES (N'f6b22c38-673c-44be-963d-d1cf3c1536d5', N'3ac37b1c-d3e1-4243-a07c-8b5fc80a931e', N'0ed1e297-5644-4bc7-9486-cf69bf7994a2', N'c1377708-db38-440b-833d-0e99259e50bb', 1000, 152500, 250000, 1)
INSERT [dbo].[ProductItems] ([Id], [ProductId], [ColorId], [SizeId], [AvaiableQuantity], [PriceAfterReduction], [CostPrice], [Status]) VALUES (N'779e44f2-f0c9-48de-8834-d2d37046f070', N'4b75442b-73ca-4903-b674-e5cd70098576', N'47520ecd-4f7d-4786-b425-b2a4adbfe9be', N'd1e0eec9-81a1-4dd8-a70f-469f1d0fe021', 1000, 125000, 250000, 1)
INSERT [dbo].[ProductItems] ([Id], [ProductId], [ColorId], [SizeId], [AvaiableQuantity], [PriceAfterReduction], [CostPrice], [Status]) VALUES (N'1b7bf899-689d-4dbb-9b14-d383b75214a2', N'a3ce510a-074a-4a51-b590-1bd0eeaa064d', N'79b80749-b18b-4875-9f27-75f5d6ad4f93', N'd1e0eec9-81a1-4dd8-a70f-469f1d0fe021', 1000, 200000, 250000, 1)
INSERT [dbo].[ProductItems] ([Id], [ProductId], [ColorId], [SizeId], [AvaiableQuantity], [PriceAfterReduction], [CostPrice], [Status]) VALUES (N'2404bb7a-7021-4920-8a66-d3e9efe8d2a7', N'3ac37b1c-d3e1-4243-a07c-8b5fc80a931e', N'47520ecd-4f7d-4786-b425-b2a4adbfe9be', N'70591428-7358-4c0d-a7b7-4a30f1236f15', 1000, 152500, 250000, 1)
INSERT [dbo].[ProductItems] ([Id], [ProductId], [ColorId], [SizeId], [AvaiableQuantity], [PriceAfterReduction], [CostPrice], [Status]) VALUES (N'5bbad78c-c891-4224-8d6e-d43023480f97', N'3ac37b1c-d3e1-4243-a07c-8b5fc80a931e', N'5bc1a17e-a2c1-42bf-8de5-31cf2a0ee53a', N'a3c4f5d9-ab25-44b5-b3f8-d4505fcbbf62', 1000, 152500, 250000, 1)
INSERT [dbo].[ProductItems] ([Id], [ProductId], [ColorId], [SizeId], [AvaiableQuantity], [PriceAfterReduction], [CostPrice], [Status]) VALUES (N'9b4f1171-50e2-4684-baba-d4975e69e2f6', N'a3ce510a-074a-4a51-b590-1bd0eeaa064d', N'0ed1e297-5644-4bc7-9486-cf69bf7994a2', N'd1e0eec9-81a1-4dd8-a70f-469f1d0fe021', 1000, 200000, 250000, 1)
INSERT [dbo].[ProductItems] ([Id], [ProductId], [ColorId], [SizeId], [AvaiableQuantity], [PriceAfterReduction], [CostPrice], [Status]) VALUES (N'cee8dd5d-8f81-41de-819d-d4c3c9c5aa4e', N'55a286e9-4468-40b9-a21b-5590f151a53d', N'47520ecd-4f7d-4786-b425-b2a4adbfe9be', N'70591428-7358-4c0d-a7b7-4a30f1236f15', 1000, 175000, 250000, 1)
INSERT [dbo].[ProductItems] ([Id], [ProductId], [ColorId], [SizeId], [AvaiableQuantity], [PriceAfterReduction], [CostPrice], [Status]) VALUES (N'33f6e36e-766b-4e91-afcd-d5de3d30b35f', N'deebe34e-518f-4a9c-98e9-e3c244c7c590', N'7f697aeb-42fd-4c32-bc13-ed11f88ab74a', N'6778ef5b-5901-46e2-9ca9-7bea36e4ff9b', 1000, 125000, 250000, 1)
INSERT [dbo].[ProductItems] ([Id], [ProductId], [ColorId], [SizeId], [AvaiableQuantity], [PriceAfterReduction], [CostPrice], [Status]) VALUES (N'b8b276ef-93a1-4e69-97b7-d656154a2d66', N'deebe34e-518f-4a9c-98e9-e3c244c7c590', N'79b80749-b18b-4875-9f27-75f5d6ad4f93', N'c1377708-db38-440b-833d-0e99259e50bb', 1000, 125000, 250000, 1)
INSERT [dbo].[ProductItems] ([Id], [ProductId], [ColorId], [SizeId], [AvaiableQuantity], [PriceAfterReduction], [CostPrice], [Status]) VALUES (N'7b452c71-7c8d-43af-a3f3-d685216e02b6', N'b2e05e32-fcb5-4828-bfd9-4c7e5e8ad8ac', N'5bc1a17e-a2c1-42bf-8de5-31cf2a0ee53a', N'd1e0eec9-81a1-4dd8-a70f-469f1d0fe021', 1000, 175000, 250000, 1)
INSERT [dbo].[ProductItems] ([Id], [ProductId], [ColorId], [SizeId], [AvaiableQuantity], [PriceAfterReduction], [CostPrice], [Status]) VALUES (N'296f7f55-5c54-42c7-ba98-d68a4ce34821', N'b2e05e32-fcb5-4828-bfd9-4c7e5e8ad8ac', N'7f697aeb-42fd-4c32-bc13-ed11f88ab74a', N'70591428-7358-4c0d-a7b7-4a30f1236f15', 1000, 175000, 250000, 1)
INSERT [dbo].[ProductItems] ([Id], [ProductId], [ColorId], [SizeId], [AvaiableQuantity], [PriceAfterReduction], [CostPrice], [Status]) VALUES (N'5b2cbcf7-cacf-4a74-bda8-d6b58ba6cbe6', N'39fb3633-9fb7-4c2b-b346-e8e4721356f1', N'47520ecd-4f7d-4786-b425-b2a4adbfe9be', N'70591428-7358-4c0d-a7b7-4a30f1236f15', 1000, 125000, 250000, 1)
INSERT [dbo].[ProductItems] ([Id], [ProductId], [ColorId], [SizeId], [AvaiableQuantity], [PriceAfterReduction], [CostPrice], [Status]) VALUES (N'c515f8d8-ce11-499f-b210-d726a38fb217', N'4d43e349-f7af-4789-b391-2fbaf497bfba', N'47520ecd-4f7d-4786-b425-b2a4adbfe9be', N'6778ef5b-5901-46e2-9ca9-7bea36e4ff9b', 1000, 200000, 250000, 1)
INSERT [dbo].[ProductItems] ([Id], [ProductId], [ColorId], [SizeId], [AvaiableQuantity], [PriceAfterReduction], [CostPrice], [Status]) VALUES (N'2f91ee77-3593-4c01-8ace-d7802e9763cb', N'93d03f30-c3e7-420a-b909-92220a72f6b4', N'79b80749-b18b-4875-9f27-75f5d6ad4f93', N'a3c4f5d9-ab25-44b5-b3f8-d4505fcbbf62', 1000, 152500, 250000, 1)
INSERT [dbo].[ProductItems] ([Id], [ProductId], [ColorId], [SizeId], [AvaiableQuantity], [PriceAfterReduction], [CostPrice], [Status]) VALUES (N'997cea48-b24b-4800-9633-d79096d6d94c', N'757851aa-3d6c-4df2-bf47-cb544ebc62e5', N'7f697aeb-42fd-4c32-bc13-ed11f88ab74a', N'c1377708-db38-440b-833d-0e99259e50bb', 1000, 152500, 250000, 1)
INSERT [dbo].[ProductItems] ([Id], [ProductId], [ColorId], [SizeId], [AvaiableQuantity], [PriceAfterReduction], [CostPrice], [Status]) VALUES (N'51a056cf-aafd-43b7-b0a8-db735f32de7d', N'39fb3633-9fb7-4c2b-b346-e8e4721356f1', N'47520ecd-4f7d-4786-b425-b2a4adbfe9be', N'c1377708-db38-440b-833d-0e99259e50bb', 1000, 125000, 250000, 1)
INSERT [dbo].[ProductItems] ([Id], [ProductId], [ColorId], [SizeId], [AvaiableQuantity], [PriceAfterReduction], [CostPrice], [Status]) VALUES (N'4781f307-c936-4674-9590-dbcf5a504667', N'ee8d11c6-0d5a-4a9e-af89-e2f833e6fd94', N'47520ecd-4f7d-4786-b425-b2a4adbfe9be', N'c1377708-db38-440b-833d-0e99259e50bb', 1000, 152500, 250000, 1)
INSERT [dbo].[ProductItems] ([Id], [ProductId], [ColorId], [SizeId], [AvaiableQuantity], [PriceAfterReduction], [CostPrice], [Status]) VALUES (N'7a302467-24d7-4b37-a747-dbe2734c06a6', N'5962de3a-c616-498f-a6e7-ca56ef9455d3', N'5bc1a17e-a2c1-42bf-8de5-31cf2a0ee53a', N'c1377708-db38-440b-833d-0e99259e50bb', 1000, 152500, 250000, 1)
INSERT [dbo].[ProductItems] ([Id], [ProductId], [ColorId], [SizeId], [AvaiableQuantity], [PriceAfterReduction], [CostPrice], [Status]) VALUES (N'8d58b06f-8a11-4d81-9b32-dc2f264e630d', N'55a286e9-4468-40b9-a21b-5590f151a53d', N'7f697aeb-42fd-4c32-bc13-ed11f88ab74a', N'6778ef5b-5901-46e2-9ca9-7bea36e4ff9b', 1000, 175000, 250000, 1)
INSERT [dbo].[ProductItems] ([Id], [ProductId], [ColorId], [SizeId], [AvaiableQuantity], [PriceAfterReduction], [CostPrice], [Status]) VALUES (N'2d15ebe8-95e2-4095-bb6a-de78875fdc9d', N'31e98018-a7ff-440f-931a-3d93b6ad111b', N'0ed1e297-5644-4bc7-9486-cf69bf7994a2', N'd1e0eec9-81a1-4dd8-a70f-469f1d0fe021', 1000, 175000, 250000, 1)
INSERT [dbo].[ProductItems] ([Id], [ProductId], [ColorId], [SizeId], [AvaiableQuantity], [PriceAfterReduction], [CostPrice], [Status]) VALUES (N'6eee3ec3-7c56-4df1-ac9e-de839d770fad', N'55a286e9-4468-40b9-a21b-5590f151a53d', N'7f697aeb-42fd-4c32-bc13-ed11f88ab74a', N'a3c4f5d9-ab25-44b5-b3f8-d4505fcbbf62', 1000, 175000, 250000, 1)
INSERT [dbo].[ProductItems] ([Id], [ProductId], [ColorId], [SizeId], [AvaiableQuantity], [PriceAfterReduction], [CostPrice], [Status]) VALUES (N'070d9ef1-1a16-4198-b680-df1be4e22c3b', N'b2e05e32-fcb5-4828-bfd9-4c7e5e8ad8ac', N'0ed1e297-5644-4bc7-9486-cf69bf7994a2', N'c1377708-db38-440b-833d-0e99259e50bb', 1000, 175000, 250000, 1)
INSERT [dbo].[ProductItems] ([Id], [ProductId], [ColorId], [SizeId], [AvaiableQuantity], [PriceAfterReduction], [CostPrice], [Status]) VALUES (N'9cbaa506-e62d-4413-86e9-dfc07b5ee79e', N'b2e05e32-fcb5-4828-bfd9-4c7e5e8ad8ac', N'79b80749-b18b-4875-9f27-75f5d6ad4f93', N'70591428-7358-4c0d-a7b7-4a30f1236f15', 1000, 175000, 250000, 1)
INSERT [dbo].[ProductItems] ([Id], [ProductId], [ColorId], [SizeId], [AvaiableQuantity], [PriceAfterReduction], [CostPrice], [Status]) VALUES (N'7319d82b-2ae5-409a-9cbb-e03c3332af35', N'55a286e9-4468-40b9-a21b-5590f151a53d', N'0ed1e297-5644-4bc7-9486-cf69bf7994a2', N'6778ef5b-5901-46e2-9ca9-7bea36e4ff9b', 1000, 175000, 250000, 1)
INSERT [dbo].[ProductItems] ([Id], [ProductId], [ColorId], [SizeId], [AvaiableQuantity], [PriceAfterReduction], [CostPrice], [Status]) VALUES (N'b24595e0-04d7-40aa-88fc-e051d16255a0', N'52f83c12-7e8a-42c8-9cf1-c0f92a7282a4', N'5bc1a17e-a2c1-42bf-8de5-31cf2a0ee53a', N'c1377708-db38-440b-833d-0e99259e50bb', 1000, 152500, 250000, 1)
INSERT [dbo].[ProductItems] ([Id], [ProductId], [ColorId], [SizeId], [AvaiableQuantity], [PriceAfterReduction], [CostPrice], [Status]) VALUES (N'e7023a9f-82de-4215-a652-e064e127685f', N'deebe34e-518f-4a9c-98e9-e3c244c7c590', N'0ed1e297-5644-4bc7-9486-cf69bf7994a2', N'c1377708-db38-440b-833d-0e99259e50bb', 1000, 125000, 250000, 1)
INSERT [dbo].[ProductItems] ([Id], [ProductId], [ColorId], [SizeId], [AvaiableQuantity], [PriceAfterReduction], [CostPrice], [Status]) VALUES (N'd8b61ac8-4b58-47fb-9a66-e0a6b955ab38', N'7dd6a992-a6da-445a-8fb0-718aabc21dff', N'5bc1a17e-a2c1-42bf-8de5-31cf2a0ee53a', N'c1377708-db38-440b-833d-0e99259e50bb', 1000, 165000, 250000, 1)
INSERT [dbo].[ProductItems] ([Id], [ProductId], [ColorId], [SizeId], [AvaiableQuantity], [PriceAfterReduction], [CostPrice], [Status]) VALUES (N'5972b784-8a92-4570-ace4-e1357e5e3071', N'39fb3633-9fb7-4c2b-b346-e8e4721356f1', N'5bc1a17e-a2c1-42bf-8de5-31cf2a0ee53a', N'c1377708-db38-440b-833d-0e99259e50bb', 1000, 125000, 250000, 1)
INSERT [dbo].[ProductItems] ([Id], [ProductId], [ColorId], [SizeId], [AvaiableQuantity], [PriceAfterReduction], [CostPrice], [Status]) VALUES (N'da57c0c8-763c-4bfd-91c3-e1d4641994cc', N'52f83c12-7e8a-42c8-9cf1-c0f92a7282a4', N'79b80749-b18b-4875-9f27-75f5d6ad4f93', N'a3c4f5d9-ab25-44b5-b3f8-d4505fcbbf62', 1000, 152500, 250000, 1)
INSERT [dbo].[ProductItems] ([Id], [ProductId], [ColorId], [SizeId], [AvaiableQuantity], [PriceAfterReduction], [CostPrice], [Status]) VALUES (N'0db934f1-516e-41f7-a8c8-e33bdbd9667e', N'5962de3a-c616-498f-a6e7-ca56ef9455d3', N'79b80749-b18b-4875-9f27-75f5d6ad4f93', N'd1e0eec9-81a1-4dd8-a70f-469f1d0fe021', 1000, 152500, 250000, 1)
INSERT [dbo].[ProductItems] ([Id], [ProductId], [ColorId], [SizeId], [AvaiableQuantity], [PriceAfterReduction], [CostPrice], [Status]) VALUES (N'0b041dce-89af-43be-a41a-e45125918a8f', N'ee8d11c6-0d5a-4a9e-af89-e2f833e6fd94', N'7f697aeb-42fd-4c32-bc13-ed11f88ab74a', N'c1377708-db38-440b-833d-0e99259e50bb', 1000, 152500, 250000, 1)
INSERT [dbo].[ProductItems] ([Id], [ProductId], [ColorId], [SizeId], [AvaiableQuantity], [PriceAfterReduction], [CostPrice], [Status]) VALUES (N'8a9e445b-3833-4cea-9870-e4708a8f083c', N'ee8d11c6-0d5a-4a9e-af89-e2f833e6fd94', N'5bc1a17e-a2c1-42bf-8de5-31cf2a0ee53a', N'c1377708-db38-440b-833d-0e99259e50bb', 1000, 152500, 250000, 1)
INSERT [dbo].[ProductItems] ([Id], [ProductId], [ColorId], [SizeId], [AvaiableQuantity], [PriceAfterReduction], [CostPrice], [Status]) VALUES (N'8f81e888-ab56-4f69-8333-e4a7f5840dff', N'74e9bd7b-0b24-438a-8c33-ce82b9f3fde3', N'0ed1e297-5644-4bc7-9486-cf69bf7994a2', N'6778ef5b-5901-46e2-9ca9-7bea36e4ff9b', 1000, 250000, 250000, 1)
INSERT [dbo].[ProductItems] ([Id], [ProductId], [ColorId], [SizeId], [AvaiableQuantity], [PriceAfterReduction], [CostPrice], [Status]) VALUES (N'7c7f15ca-1cf6-402e-91da-e5e895c2c8d6', N'39fb3633-9fb7-4c2b-b346-e8e4721356f1', N'79b80749-b18b-4875-9f27-75f5d6ad4f93', N'70591428-7358-4c0d-a7b7-4a30f1236f15', 1000, 125000, 250000, 1)
INSERT [dbo].[ProductItems] ([Id], [ProductId], [ColorId], [SizeId], [AvaiableQuantity], [PriceAfterReduction], [CostPrice], [Status]) VALUES (N'bc80a74b-2dc8-4889-a374-e7133b139b4f', N'5962de3a-c616-498f-a6e7-ca56ef9455d3', N'0ed1e297-5644-4bc7-9486-cf69bf7994a2', N'70591428-7358-4c0d-a7b7-4a30f1236f15', 1000, 152500, 250000, 1)
INSERT [dbo].[ProductItems] ([Id], [ProductId], [ColorId], [SizeId], [AvaiableQuantity], [PriceAfterReduction], [CostPrice], [Status]) VALUES (N'bae06b8e-457c-4404-9245-e78624917619', N'3b838f25-291c-410d-8dac-05e7b79afcb1', N'5bc1a17e-a2c1-42bf-8de5-31cf2a0ee53a', N'd1e0eec9-81a1-4dd8-a70f-469f1d0fe021', 1000, 200000, 250000, 1)
INSERT [dbo].[ProductItems] ([Id], [ProductId], [ColorId], [SizeId], [AvaiableQuantity], [PriceAfterReduction], [CostPrice], [Status]) VALUES (N'a9137841-c184-41b0-bb79-e81ecdcd861e', N'a3ce510a-074a-4a51-b590-1bd0eeaa064d', N'7f697aeb-42fd-4c32-bc13-ed11f88ab74a', N'd1e0eec9-81a1-4dd8-a70f-469f1d0fe021', 1000, 200000, 250000, 1)
INSERT [dbo].[ProductItems] ([Id], [ProductId], [ColorId], [SizeId], [AvaiableQuantity], [PriceAfterReduction], [CostPrice], [Status]) VALUES (N'ae082ccf-89ec-405e-b60e-e8416c025d41', N'5962de3a-c616-498f-a6e7-ca56ef9455d3', N'79b80749-b18b-4875-9f27-75f5d6ad4f93', N'6778ef5b-5901-46e2-9ca9-7bea36e4ff9b', 1000, 152500, 250000, 1)
INSERT [dbo].[ProductItems] ([Id], [ProductId], [ColorId], [SizeId], [AvaiableQuantity], [PriceAfterReduction], [CostPrice], [Status]) VALUES (N'fa33f35b-d33c-4238-956f-e8b5a00ffd88', N'1455d77c-170d-4a55-825d-8c6f17510691', N'47520ecd-4f7d-4786-b425-b2a4adbfe9be', N'70591428-7358-4c0d-a7b7-4a30f1236f15', 1000, 152500, 250000, 1)
INSERT [dbo].[ProductItems] ([Id], [ProductId], [ColorId], [SizeId], [AvaiableQuantity], [PriceAfterReduction], [CostPrice], [Status]) VALUES (N'03706566-65c4-48de-a129-e8c0388d59c3', N'93d03f30-c3e7-420a-b909-92220a72f6b4', N'5bc1a17e-a2c1-42bf-8de5-31cf2a0ee53a', N'70591428-7358-4c0d-a7b7-4a30f1236f15', 1000, 152500, 250000, 1)
INSERT [dbo].[ProductItems] ([Id], [ProductId], [ColorId], [SizeId], [AvaiableQuantity], [PriceAfterReduction], [CostPrice], [Status]) VALUES (N'a1d34856-0f89-48a6-915c-e9515a4cb403', N'1455d77c-170d-4a55-825d-8c6f17510691', N'5bc1a17e-a2c1-42bf-8de5-31cf2a0ee53a', N'6778ef5b-5901-46e2-9ca9-7bea36e4ff9b', 1000, 152500, 250000, 1)
INSERT [dbo].[ProductItems] ([Id], [ProductId], [ColorId], [SizeId], [AvaiableQuantity], [PriceAfterReduction], [CostPrice], [Status]) VALUES (N'56d26e67-36ca-4f0f-b411-e96573d76b44', N'3b838f25-291c-410d-8dac-05e7b79afcb1', N'79b80749-b18b-4875-9f27-75f5d6ad4f93', N'd1e0eec9-81a1-4dd8-a70f-469f1d0fe021', 990, 200000, 250000, 1)
INSERT [dbo].[ProductItems] ([Id], [ProductId], [ColorId], [SizeId], [AvaiableQuantity], [PriceAfterReduction], [CostPrice], [Status]) VALUES (N'fba5eca5-52b1-4bf6-a0d5-e9fdca27d800', N'3b838f25-291c-410d-8dac-05e7b79afcb1', N'7f697aeb-42fd-4c32-bc13-ed11f88ab74a', N'd1e0eec9-81a1-4dd8-a70f-469f1d0fe021', 1000, 200000, 250000, 1)
INSERT [dbo].[ProductItems] ([Id], [ProductId], [ColorId], [SizeId], [AvaiableQuantity], [PriceAfterReduction], [CostPrice], [Status]) VALUES (N'229a366c-0adc-4417-9a04-ea7aa0369694', N'757851aa-3d6c-4df2-bf47-cb544ebc62e5', N'79b80749-b18b-4875-9f27-75f5d6ad4f93', N'd1e0eec9-81a1-4dd8-a70f-469f1d0fe021', 1000, 152500, 250000, 1)
INSERT [dbo].[ProductItems] ([Id], [ProductId], [ColorId], [SizeId], [AvaiableQuantity], [PriceAfterReduction], [CostPrice], [Status]) VALUES (N'c0e55c48-2572-4311-91d2-eaba02ad1d34', N'1455d77c-170d-4a55-825d-8c6f17510691', N'79b80749-b18b-4875-9f27-75f5d6ad4f93', N'd1e0eec9-81a1-4dd8-a70f-469f1d0fe021', 1000, 152500, 250000, 1)
INSERT [dbo].[ProductItems] ([Id], [ProductId], [ColorId], [SizeId], [AvaiableQuantity], [PriceAfterReduction], [CostPrice], [Status]) VALUES (N'0c6f378f-77be-4939-81f3-eae9143ef2c1', N'4b75442b-73ca-4903-b674-e5cd70098576', N'47520ecd-4f7d-4786-b425-b2a4adbfe9be', N'a3c4f5d9-ab25-44b5-b3f8-d4505fcbbf62', 1000, 125000, 250000, 1)
INSERT [dbo].[ProductItems] ([Id], [ProductId], [ColorId], [SizeId], [AvaiableQuantity], [PriceAfterReduction], [CostPrice], [Status]) VALUES (N'7368dc4f-c7e3-438a-8875-ebf93fa43193', N'4d43e349-f7af-4789-b391-2fbaf497bfba', N'47520ecd-4f7d-4786-b425-b2a4adbfe9be', N'a3c4f5d9-ab25-44b5-b3f8-d4505fcbbf62', 1000, 200000, 250000, 1)
INSERT [dbo].[ProductItems] ([Id], [ProductId], [ColorId], [SizeId], [AvaiableQuantity], [PriceAfterReduction], [CostPrice], [Status]) VALUES (N'c3440233-b4b8-4aa7-9e79-ed7e03e7b6b7', N'1455d77c-170d-4a55-825d-8c6f17510691', N'7f697aeb-42fd-4c32-bc13-ed11f88ab74a', N'd1e0eec9-81a1-4dd8-a70f-469f1d0fe021', 1000, 152500, 250000, 1)
INSERT [dbo].[ProductItems] ([Id], [ProductId], [ColorId], [SizeId], [AvaiableQuantity], [PriceAfterReduction], [CostPrice], [Status]) VALUES (N'5274ff57-7306-4554-a314-ed87088cc430', N'757851aa-3d6c-4df2-bf47-cb544ebc62e5', N'0ed1e297-5644-4bc7-9486-cf69bf7994a2', N'c1377708-db38-440b-833d-0e99259e50bb', 1000, 152500, 250000, 1)
INSERT [dbo].[ProductItems] ([Id], [ProductId], [ColorId], [SizeId], [AvaiableQuantity], [PriceAfterReduction], [CostPrice], [Status]) VALUES (N'5d1acfbe-9de6-4d4a-9250-ed9cae962fd5', N'ee8d11c6-0d5a-4a9e-af89-e2f833e6fd94', N'7f697aeb-42fd-4c32-bc13-ed11f88ab74a', N'a3c4f5d9-ab25-44b5-b3f8-d4505fcbbf62', 1000, 152500, 250000, 1)
INSERT [dbo].[ProductItems] ([Id], [ProductId], [ColorId], [SizeId], [AvaiableQuantity], [PriceAfterReduction], [CostPrice], [Status]) VALUES (N'8642093b-4658-46ac-8592-edfffd8ada21', N'52f83c12-7e8a-42c8-9cf1-c0f92a7282a4', N'0ed1e297-5644-4bc7-9486-cf69bf7994a2', N'a3c4f5d9-ab25-44b5-b3f8-d4505fcbbf62', 1000, 152500, 250000, 1)
INSERT [dbo].[ProductItems] ([Id], [ProductId], [ColorId], [SizeId], [AvaiableQuantity], [PriceAfterReduction], [CostPrice], [Status]) VALUES (N'd592985c-e6ad-4436-b1c2-ee04cc3091e2', N'52f83c12-7e8a-42c8-9cf1-c0f92a7282a4', N'47520ecd-4f7d-4786-b425-b2a4adbfe9be', N'6778ef5b-5901-46e2-9ca9-7bea36e4ff9b', 1000, 152500, 250000, 1)
INSERT [dbo].[ProductItems] ([Id], [ProductId], [ColorId], [SizeId], [AvaiableQuantity], [PriceAfterReduction], [CostPrice], [Status]) VALUES (N'2b51c437-0584-400c-8b1b-ee0690e330dd', N'3b838f25-291c-410d-8dac-05e7b79afcb1', N'0ed1e297-5644-4bc7-9486-cf69bf7994a2', N'd1e0eec9-81a1-4dd8-a70f-469f1d0fe021', 1000, 200000, 250000, 1)
INSERT [dbo].[ProductItems] ([Id], [ProductId], [ColorId], [SizeId], [AvaiableQuantity], [PriceAfterReduction], [CostPrice], [Status]) VALUES (N'6187426c-85da-409d-bb03-ee5fe265001f', N'5962de3a-c616-498f-a6e7-ca56ef9455d3', N'0ed1e297-5644-4bc7-9486-cf69bf7994a2', N'c1377708-db38-440b-833d-0e99259e50bb', 1000, 152500, 250000, 1)
INSERT [dbo].[ProductItems] ([Id], [ProductId], [ColorId], [SizeId], [AvaiableQuantity], [PriceAfterReduction], [CostPrice], [Status]) VALUES (N'b66c4daf-1ba7-4008-b8e8-eec32c65d1cf', N'ee8d11c6-0d5a-4a9e-af89-e2f833e6fd94', N'5bc1a17e-a2c1-42bf-8de5-31cf2a0ee53a', N'6778ef5b-5901-46e2-9ca9-7bea36e4ff9b', 1000, 152500, 250000, 1)
INSERT [dbo].[ProductItems] ([Id], [ProductId], [ColorId], [SizeId], [AvaiableQuantity], [PriceAfterReduction], [CostPrice], [Status]) VALUES (N'd8388d63-1385-4a13-95b1-eecd2d83948a', N'757851aa-3d6c-4df2-bf47-cb544ebc62e5', N'0ed1e297-5644-4bc7-9486-cf69bf7994a2', N'6778ef5b-5901-46e2-9ca9-7bea36e4ff9b', 1000, 152500, 250000, 1)
GO
INSERT [dbo].[ProductItems] ([Id], [ProductId], [ColorId], [SizeId], [AvaiableQuantity], [PriceAfterReduction], [CostPrice], [Status]) VALUES (N'fd921d8f-2580-498e-9a95-eedfcd53210d', N'39fb3633-9fb7-4c2b-b346-e8e4721356f1', N'7f697aeb-42fd-4c32-bc13-ed11f88ab74a', N'c1377708-db38-440b-833d-0e99259e50bb', 1000, 125000, 250000, 1)
INSERT [dbo].[ProductItems] ([Id], [ProductId], [ColorId], [SizeId], [AvaiableQuantity], [PriceAfterReduction], [CostPrice], [Status]) VALUES (N'14b42f44-3fce-476e-9353-eefebe8fcc51', N'4b75442b-73ca-4903-b674-e5cd70098576', N'0ed1e297-5644-4bc7-9486-cf69bf7994a2', N'70591428-7358-4c0d-a7b7-4a30f1236f15', 1000, 125000, 250000, 1)
INSERT [dbo].[ProductItems] ([Id], [ProductId], [ColorId], [SizeId], [AvaiableQuantity], [PriceAfterReduction], [CostPrice], [Status]) VALUES (N'0dc45717-b97a-42b1-b720-f15a7af7fb7a', N'7dd6a992-a6da-445a-8fb0-718aabc21dff', N'47520ecd-4f7d-4786-b425-b2a4adbfe9be', N'a3c4f5d9-ab25-44b5-b3f8-d4505fcbbf62', 1000, 165000, 250000, 1)
INSERT [dbo].[ProductItems] ([Id], [ProductId], [ColorId], [SizeId], [AvaiableQuantity], [PriceAfterReduction], [CostPrice], [Status]) VALUES (N'1dd5e00e-8ed8-406a-bef2-f17c4245fd9e', N'757851aa-3d6c-4df2-bf47-cb544ebc62e5', N'7f697aeb-42fd-4c32-bc13-ed11f88ab74a', N'd1e0eec9-81a1-4dd8-a70f-469f1d0fe021', 1000, 152500, 250000, 1)
INSERT [dbo].[ProductItems] ([Id], [ProductId], [ColorId], [SizeId], [AvaiableQuantity], [PriceAfterReduction], [CostPrice], [Status]) VALUES (N'00713eee-1d76-435e-9b17-f2949d7a21e9', N'74e9bd7b-0b24-438a-8c33-ce82b9f3fde3', N'79b80749-b18b-4875-9f27-75f5d6ad4f93', N'c1377708-db38-440b-833d-0e99259e50bb', 1000, 250000, 250000, 1)
INSERT [dbo].[ProductItems] ([Id], [ProductId], [ColorId], [SizeId], [AvaiableQuantity], [PriceAfterReduction], [CostPrice], [Status]) VALUES (N'a9409947-1577-4700-9a8a-f42cffe50748', N'74e9bd7b-0b24-438a-8c33-ce82b9f3fde3', N'0ed1e297-5644-4bc7-9486-cf69bf7994a2', N'd1e0eec9-81a1-4dd8-a70f-469f1d0fe021', 1000, 250000, 250000, 1)
INSERT [dbo].[ProductItems] ([Id], [ProductId], [ColorId], [SizeId], [AvaiableQuantity], [PriceAfterReduction], [CostPrice], [Status]) VALUES (N'b553e5f9-de11-497e-9696-f4b3b3573879', N'7dd6a992-a6da-445a-8fb0-718aabc21dff', N'79b80749-b18b-4875-9f27-75f5d6ad4f93', N'6778ef5b-5901-46e2-9ca9-7bea36e4ff9b', 1000, 165000, 250000, 1)
INSERT [dbo].[ProductItems] ([Id], [ProductId], [ColorId], [SizeId], [AvaiableQuantity], [PriceAfterReduction], [CostPrice], [Status]) VALUES (N'f1a2ddaf-9905-48c7-82d9-f4f8f02d43b1', N'3b838f25-291c-410d-8dac-05e7b79afcb1', N'5bc1a17e-a2c1-42bf-8de5-31cf2a0ee53a', N'd1e0eec9-81a1-4dd8-a70f-469f1d0fe021', 1000, 200000, 250000, 1)
INSERT [dbo].[ProductItems] ([Id], [ProductId], [ColorId], [SizeId], [AvaiableQuantity], [PriceAfterReduction], [CostPrice], [Status]) VALUES (N'a5844b58-777f-4a68-bc39-f5867f3df7d7', N'b2e05e32-fcb5-4828-bfd9-4c7e5e8ad8ac', N'47520ecd-4f7d-4786-b425-b2a4adbfe9be', N'd1e0eec9-81a1-4dd8-a70f-469f1d0fe021', 1000, 175000, 250000, 1)
INSERT [dbo].[ProductItems] ([Id], [ProductId], [ColorId], [SizeId], [AvaiableQuantity], [PriceAfterReduction], [CostPrice], [Status]) VALUES (N'870cd5f8-9dd6-428d-894e-f644dc367eda', N'4d43e349-f7af-4789-b391-2fbaf497bfba', N'79b80749-b18b-4875-9f27-75f5d6ad4f93', N'c1377708-db38-440b-833d-0e99259e50bb', 1000, 200000, 250000, 1)
INSERT [dbo].[ProductItems] ([Id], [ProductId], [ColorId], [SizeId], [AvaiableQuantity], [PriceAfterReduction], [CostPrice], [Status]) VALUES (N'be1d8dde-e7e2-4d89-912b-f66fa4214465', N'4d43e349-f7af-4789-b391-2fbaf497bfba', N'47520ecd-4f7d-4786-b425-b2a4adbfe9be', N'70591428-7358-4c0d-a7b7-4a30f1236f15', 1000, 200000, 250000, 1)
INSERT [dbo].[ProductItems] ([Id], [ProductId], [ColorId], [SizeId], [AvaiableQuantity], [PriceAfterReduction], [CostPrice], [Status]) VALUES (N'7b3c24aa-4156-4121-9370-f67469292e74', N'3ac37b1c-d3e1-4243-a07c-8b5fc80a931e', N'79b80749-b18b-4875-9f27-75f5d6ad4f93', N'c1377708-db38-440b-833d-0e99259e50bb', 1000, 152500, 250000, 1)
INSERT [dbo].[ProductItems] ([Id], [ProductId], [ColorId], [SizeId], [AvaiableQuantity], [PriceAfterReduction], [CostPrice], [Status]) VALUES (N'cdec63d2-d6ff-44ef-9ced-f6a9629c6ecd', N'31e98018-a7ff-440f-931a-3d93b6ad111b', N'5bc1a17e-a2c1-42bf-8de5-31cf2a0ee53a', N'd1e0eec9-81a1-4dd8-a70f-469f1d0fe021', 1000, 175000, 250000, 1)
INSERT [dbo].[ProductItems] ([Id], [ProductId], [ColorId], [SizeId], [AvaiableQuantity], [PriceAfterReduction], [CostPrice], [Status]) VALUES (N'7c1087d0-7cab-44f7-ac60-f6e0125e9584', N'ee8d11c6-0d5a-4a9e-af89-e2f833e6fd94', N'47520ecd-4f7d-4786-b425-b2a4adbfe9be', N'd1e0eec9-81a1-4dd8-a70f-469f1d0fe021', 1000, 152500, 250000, 1)
INSERT [dbo].[ProductItems] ([Id], [ProductId], [ColorId], [SizeId], [AvaiableQuantity], [PriceAfterReduction], [CostPrice], [Status]) VALUES (N'c72659f9-f7a2-4d9c-8fd5-f6e8dab79f7f', N'7dd6a992-a6da-445a-8fb0-718aabc21dff', N'79b80749-b18b-4875-9f27-75f5d6ad4f93', N'70591428-7358-4c0d-a7b7-4a30f1236f15', 1000, 165000, 250000, 1)
INSERT [dbo].[ProductItems] ([Id], [ProductId], [ColorId], [SizeId], [AvaiableQuantity], [PriceAfterReduction], [CostPrice], [Status]) VALUES (N'f7cc2ab8-e7c5-425d-8175-f77a1d958f67', N'74e9bd7b-0b24-438a-8c33-ce82b9f3fde3', N'5bc1a17e-a2c1-42bf-8de5-31cf2a0ee53a', N'c1377708-db38-440b-833d-0e99259e50bb', 1000, 250000, 250000, 1)
INSERT [dbo].[ProductItems] ([Id], [ProductId], [ColorId], [SizeId], [AvaiableQuantity], [PriceAfterReduction], [CostPrice], [Status]) VALUES (N'caad3bae-eac2-4fe2-88bb-f78daa9fe421', N'1455d77c-170d-4a55-825d-8c6f17510691', N'47520ecd-4f7d-4786-b425-b2a4adbfe9be', N'd1e0eec9-81a1-4dd8-a70f-469f1d0fe021', 1000, 152500, 250000, 1)
INSERT [dbo].[ProductItems] ([Id], [ProductId], [ColorId], [SizeId], [AvaiableQuantity], [PriceAfterReduction], [CostPrice], [Status]) VALUES (N'9adf0166-d536-42ad-97c1-f7e231ed366b', N'deebe34e-518f-4a9c-98e9-e3c244c7c590', N'5bc1a17e-a2c1-42bf-8de5-31cf2a0ee53a', N'd1e0eec9-81a1-4dd8-a70f-469f1d0fe021', 1000, 125000, 250000, 1)
INSERT [dbo].[ProductItems] ([Id], [ProductId], [ColorId], [SizeId], [AvaiableQuantity], [PriceAfterReduction], [CostPrice], [Status]) VALUES (N'5201782a-9f43-4410-8226-f8cabed6bca7', N'74e9bd7b-0b24-438a-8c33-ce82b9f3fde3', N'5bc1a17e-a2c1-42bf-8de5-31cf2a0ee53a', N'a3c4f5d9-ab25-44b5-b3f8-d4505fcbbf62', 1000, 250000, 250000, 1)
INSERT [dbo].[ProductItems] ([Id], [ProductId], [ColorId], [SizeId], [AvaiableQuantity], [PriceAfterReduction], [CostPrice], [Status]) VALUES (N'202d1fe8-ffa4-4e2a-9588-f8dbf67f4857', N'1455d77c-170d-4a55-825d-8c6f17510691', N'5bc1a17e-a2c1-42bf-8de5-31cf2a0ee53a', N'a3c4f5d9-ab25-44b5-b3f8-d4505fcbbf62', 1000, 152500, 250000, 1)
INSERT [dbo].[ProductItems] ([Id], [ProductId], [ColorId], [SizeId], [AvaiableQuantity], [PriceAfterReduction], [CostPrice], [Status]) VALUES (N'1b6dcbda-def9-40b0-b4d1-f96daa1662b1', N'5962de3a-c616-498f-a6e7-ca56ef9455d3', N'79b80749-b18b-4875-9f27-75f5d6ad4f93', N'a3c4f5d9-ab25-44b5-b3f8-d4505fcbbf62', 1000, 152500, 250000, 1)
INSERT [dbo].[ProductItems] ([Id], [ProductId], [ColorId], [SizeId], [AvaiableQuantity], [PriceAfterReduction], [CostPrice], [Status]) VALUES (N'57114c8b-583e-4779-a4d5-fa489371e465', N'4b75442b-73ca-4903-b674-e5cd70098576', N'0ed1e297-5644-4bc7-9486-cf69bf7994a2', N'd1e0eec9-81a1-4dd8-a70f-469f1d0fe021', 1000, 125000, 250000, 1)
INSERT [dbo].[ProductItems] ([Id], [ProductId], [ColorId], [SizeId], [AvaiableQuantity], [PriceAfterReduction], [CostPrice], [Status]) VALUES (N'f0725eb1-7285-472a-a8b6-fa5588f9607c', N'7dd6a992-a6da-445a-8fb0-718aabc21dff', N'47520ecd-4f7d-4786-b425-b2a4adbfe9be', N'c1377708-db38-440b-833d-0e99259e50bb', 1000, 165000, 250000, 1)
INSERT [dbo].[ProductItems] ([Id], [ProductId], [ColorId], [SizeId], [AvaiableQuantity], [PriceAfterReduction], [CostPrice], [Status]) VALUES (N'c4840033-8025-4341-ab4d-fa5c118a7074', N'31e98018-a7ff-440f-931a-3d93b6ad111b', N'79b80749-b18b-4875-9f27-75f5d6ad4f93', N'70591428-7358-4c0d-a7b7-4a30f1236f15', 1000, 175000, 250000, 1)
INSERT [dbo].[ProductItems] ([Id], [ProductId], [ColorId], [SizeId], [AvaiableQuantity], [PriceAfterReduction], [CostPrice], [Status]) VALUES (N'e7fbaad6-d1be-4dc4-abc4-fbff03e8b8a4', N'52f83c12-7e8a-42c8-9cf1-c0f92a7282a4', N'47520ecd-4f7d-4786-b425-b2a4adbfe9be', N'd1e0eec9-81a1-4dd8-a70f-469f1d0fe021', 1000, 152500, 250000, 1)
INSERT [dbo].[ProductItems] ([Id], [ProductId], [ColorId], [SizeId], [AvaiableQuantity], [PriceAfterReduction], [CostPrice], [Status]) VALUES (N'f4d8f6b3-85a2-47f7-83ca-fd1f20f7e578', N'757851aa-3d6c-4df2-bf47-cb544ebc62e5', N'79b80749-b18b-4875-9f27-75f5d6ad4f93', N'70591428-7358-4c0d-a7b7-4a30f1236f15', 1000, 152500, 250000, 1)
INSERT [dbo].[ProductItems] ([Id], [ProductId], [ColorId], [SizeId], [AvaiableQuantity], [PriceAfterReduction], [CostPrice], [Status]) VALUES (N'ffa368ea-1639-4310-af8b-fd6022b0b105', N'39fb3633-9fb7-4c2b-b346-e8e4721356f1', N'47520ecd-4f7d-4786-b425-b2a4adbfe9be', N'd1e0eec9-81a1-4dd8-a70f-469f1d0fe021', 1000, 125000, 250000, 1)
INSERT [dbo].[ProductItems] ([Id], [ProductId], [ColorId], [SizeId], [AvaiableQuantity], [PriceAfterReduction], [CostPrice], [Status]) VALUES (N'926f9896-c412-420a-acf4-fd9ee650b2f6', N'deebe34e-518f-4a9c-98e9-e3c244c7c590', N'47520ecd-4f7d-4786-b425-b2a4adbfe9be', N'6778ef5b-5901-46e2-9ca9-7bea36e4ff9b', 1000, 125000, 250000, 1)
INSERT [dbo].[ProductItems] ([Id], [ProductId], [ColorId], [SizeId], [AvaiableQuantity], [PriceAfterReduction], [CostPrice], [Status]) VALUES (N'fcc2b923-8e6d-469e-a30c-fda4cb0b9a2b', N'4b75442b-73ca-4903-b674-e5cd70098576', N'7f697aeb-42fd-4c32-bc13-ed11f88ab74a', N'6778ef5b-5901-46e2-9ca9-7bea36e4ff9b', 1000, 125000, 250000, 1)
INSERT [dbo].[ProductItems] ([Id], [ProductId], [ColorId], [SizeId], [AvaiableQuantity], [PriceAfterReduction], [CostPrice], [Status]) VALUES (N'db885c89-41f7-412c-b7dc-ff5c80cd933a', N'5962de3a-c616-498f-a6e7-ca56ef9455d3', N'0ed1e297-5644-4bc7-9486-cf69bf7994a2', N'd1e0eec9-81a1-4dd8-a70f-469f1d0fe021', 1000, 152500, 250000, 1)
INSERT [dbo].[ProductItems] ([Id], [ProductId], [ColorId], [SizeId], [AvaiableQuantity], [PriceAfterReduction], [CostPrice], [Status]) VALUES (N'f21d1ba7-b1a2-4edc-816a-ffd202adc8db', N'deebe34e-518f-4a9c-98e9-e3c244c7c590', N'5bc1a17e-a2c1-42bf-8de5-31cf2a0ee53a', N'c1377708-db38-440b-833d-0e99259e50bb', 1000, 125000, 250000, 1)
INSERT [dbo].[ProductItems] ([Id], [ProductId], [ColorId], [SizeId], [AvaiableQuantity], [PriceAfterReduction], [CostPrice], [Status]) VALUES (N'87cc595d-7842-4858-85bf-ffd891a840e0', N'7dd6a992-a6da-445a-8fb0-718aabc21dff', N'0ed1e297-5644-4bc7-9486-cf69bf7994a2', N'c1377708-db38-440b-833d-0e99259e50bb', 1000, 165000, 250000, 1)
GO
INSERT [dbo].[Promotions] ([Id], [Name], [Percent], [StartDate], [EndDate], [Description], [Status]) VALUES (N'e539888f-bd53-44e2-afb1-08f4f448edb5', N'KM2', 50, CAST(N'2023-10-04T00:00:00.0000000' AS DateTime2), CAST(N'2024-12-30T00:00:00.0000000' AS DateTime2), N'Tuấn toàn thấy báo bug', 0)
INSERT [dbo].[Promotions] ([Id], [Name], [Percent], [StartDate], [EndDate], [Description], [Status]) VALUES (N'adc7c3df-7483-424f-829e-0eefc0cab3a9', N'1', 0, CAST(N'0001-01-01T00:00:00.0000000' AS DateTime2), CAST(N'0001-01-01T00:00:00.0000000' AS DateTime2), N'1', 1)
INSERT [dbo].[Promotions] ([Id], [Name], [Percent], [StartDate], [EndDate], [Description], [Status]) VALUES (N'abfe2d37-bb5c-446b-8e2a-147d02eba396', N'1', 1, CAST(N'2023-01-01T00:00:00.0000000' AS DateTime2), CAST(N'2024-01-01T00:00:00.0000000' AS DateTime2), N'12312', 1)
INSERT [dbo].[Promotions] ([Id], [Name], [Percent], [StartDate], [EndDate], [Description], [Status]) VALUES (N'45a4088d-1918-4958-b378-259db11d9ff7', N'Khuyến mại 10', 20, CAST(N'0001-01-01T00:00:00.0000000' AS DateTime2), CAST(N'0001-01-01T00:00:00.0000000' AS DateTime2), N'1', 1)
INSERT [dbo].[Promotions] ([Id], [Name], [Percent], [StartDate], [EndDate], [Description], [Status]) VALUES (N'26b35f5d-3604-4011-945b-353bc21d8ed0', N'KM1', 50, CAST(N'2023-10-04T00:00:00.0000000' AS DateTime2), CAST(N'2023-12-30T00:00:00.0000000' AS DateTime2), N'', 0)
INSERT [dbo].[Promotions] ([Id], [Name], [Percent], [StartDate], [EndDate], [Description], [Status]) VALUES (N'911790a2-f904-4cef-9848-66e4c13b077a', N'Test', 12, CAST(N'2023-12-12T00:00:00.0000000' AS DateTime2), CAST(N'2023-12-12T00:00:00.0000000' AS DateTime2), N'123123123', 1)
INSERT [dbo].[Promotions] ([Id], [Name], [Percent], [StartDate], [EndDate], [Description], [Status]) VALUES (N'9f1ab95a-0362-45d6-9086-92090015e375', N'Test 2 ', 22, CAST(N'0001-01-01T00:00:00.0000000' AS DateTime2), CAST(N'0001-01-01T00:00:00.0000000' AS DateTime2), N'12', 1)
INSERT [dbo].[Promotions] ([Id], [Name], [Percent], [StartDate], [EndDate], [Description], [Status]) VALUES (N'173a4cce-ad03-4f86-974f-94959f33f2dc', N'1', 0, CAST(N'0001-01-01T00:00:00.0000000' AS DateTime2), CAST(N'0001-01-01T00:00:00.0000000' AS DateTime2), N'1', 1)
INSERT [dbo].[Promotions] ([Id], [Name], [Percent], [StartDate], [EndDate], [Description], [Status]) VALUES (N'5fdce528-926c-4559-85b8-aeeb993d43ba', N'Khuyến mãi mới', 30, CAST(N'0001-01-01T00:00:00.0000000' AS DateTime2), CAST(N'0001-01-01T00:00:00.0000000' AS DateTime2), N'234', 1)
INSERT [dbo].[Promotions] ([Id], [Name], [Percent], [StartDate], [EndDate], [Description], [Status]) VALUES (N'fa7f9113-9e55-4bf4-ba2f-af5e85e256dc', N'Khuyến mãi ', 34, CAST(N'2023-10-04T12:59:00.0000000' AS DateTime2), CAST(N'2023-12-30T12:59:00.0000000' AS DateTime2), N'Không có gì để mô tả cả', 1)
INSERT [dbo].[Promotions] ([Id], [Name], [Percent], [StartDate], [EndDate], [Description], [Status]) VALUES (N'd8c9d4c1-e814-4901-b776-d156357c5edb', N'1', 0, CAST(N'0001-01-01T00:00:00.0000000' AS DateTime2), CAST(N'0001-01-01T00:00:00.0000000' AS DateTime2), N'1', 1)
INSERT [dbo].[Promotions] ([Id], [Name], [Percent], [StartDate], [EndDate], [Description], [Status]) VALUES (N'70139ebb-688c-4562-a39b-dc448a2ffc78', N'HEHE', 50, CAST(N'0001-01-01T00:00:00.0000000' AS DateTime2), CAST(N'0001-01-01T00:00:00.0000000' AS DateTime2), N'1', 1)
INSERT [dbo].[Promotions] ([Id], [Name], [Percent], [StartDate], [EndDate], [Description], [Status]) VALUES (N'cf48fc6a-2319-48d4-9921-f6f2e4289e1b', N'Khuyến mãi 12', 39, CAST(N'2023-10-03T00:00:00.0000000' AS DateTime2), CAST(N'2023-01-01T00:00:00.0000000' AS DateTime2), N'Test', 1)
GO
INSERT [dbo].[PromotionsItem] ([Id], [PromotionsId], [ProductItemsId], [Status]) VALUES (N'e2965c75-92b6-4414-b161-0052b42e20b8', N'70139ebb-688c-4562-a39b-dc448a2ffc78', N'd0b73c9f-9d4c-4680-8397-8d9f90ff41c5', 1)
INSERT [dbo].[PromotionsItem] ([Id], [PromotionsId], [ProductItemsId], [Status]) VALUES (N'73836b50-7608-4520-a420-009213bfb130', N'cf48fc6a-2319-48d4-9921-f6f2e4289e1b', N'8c3b0d7b-7c0d-4469-bfb0-9d3b98812e0e', 1)
INSERT [dbo].[PromotionsItem] ([Id], [PromotionsId], [ProductItemsId], [Status]) VALUES (N'70e87f3a-6990-43bd-a274-0114616b6f39', N'45a4088d-1918-4958-b378-259db11d9ff7', N'01aad59c-9e6e-43bf-bcaf-b0998b32ed25', 1)
INSERT [dbo].[PromotionsItem] ([Id], [PromotionsId], [ProductItemsId], [Status]) VALUES (N'aeab711d-c85d-4e2b-9cc6-01f978239379', N'70139ebb-688c-4562-a39b-dc448a2ffc78', N'33f6e36e-766b-4e91-afcd-d5de3d30b35f', 1)
INSERT [dbo].[PromotionsItem] ([Id], [PromotionsId], [ProductItemsId], [Status]) VALUES (N'147637fc-693e-4dde-811c-027a04b3b7f4', N'5fdce528-926c-4559-85b8-aeeb993d43ba', N'cef0acb9-4d26-47fc-8442-cf788cbd1d6d', 1)
INSERT [dbo].[PromotionsItem] ([Id], [PromotionsId], [ProductItemsId], [Status]) VALUES (N'49d01218-46f5-416c-89e0-02bdcbb7798e', N'5fdce528-926c-4559-85b8-aeeb993d43ba', N'28a26a59-f6dd-45c4-80e0-302a8efca7eb', 1)
INSERT [dbo].[PromotionsItem] ([Id], [PromotionsId], [ProductItemsId], [Status]) VALUES (N'a4aa9d67-f460-4c58-b715-042a2135d7b9', N'cf48fc6a-2319-48d4-9921-f6f2e4289e1b', N'c29c4b50-618a-4d2e-a101-2c2bfa30be42', 1)
INSERT [dbo].[PromotionsItem] ([Id], [PromotionsId], [ProductItemsId], [Status]) VALUES (N'72ff6292-fc68-4fb3-bd94-042b1f2370c4', N'cf48fc6a-2319-48d4-9921-f6f2e4289e1b', N'e09cf835-ba30-4005-b222-3e9a22ea57e7', 1)
INSERT [dbo].[PromotionsItem] ([Id], [PromotionsId], [ProductItemsId], [Status]) VALUES (N'dccdda8f-b995-4d79-ac67-045c33d8dbca', N'45a4088d-1918-4958-b378-259db11d9ff7', N'f4366484-63ab-4317-abc4-32dd7a0282fb', 1)
INSERT [dbo].[PromotionsItem] ([Id], [PromotionsId], [ProductItemsId], [Status]) VALUES (N'7d3860f9-0f7c-470e-beb6-04898c20c882', N'70139ebb-688c-4562-a39b-dc448a2ffc78', N'24b225c9-c57a-4611-bd80-94fb4c10a2d1', 1)
INSERT [dbo].[PromotionsItem] ([Id], [PromotionsId], [ProductItemsId], [Status]) VALUES (N'3222a6e7-296f-46fa-aa31-048ea9c76a38', N'5fdce528-926c-4559-85b8-aeeb993d43ba', N'e49d44e8-d67c-4d81-bde6-5b781fee5bf8', 1)
INSERT [dbo].[PromotionsItem] ([Id], [PromotionsId], [ProductItemsId], [Status]) VALUES (N'0445c60d-0ffa-4bce-8b1f-04b103fe781c', N'5fdce528-926c-4559-85b8-aeeb993d43ba', N'6eee3ec3-7c56-4df1-ac9e-de839d770fad', 1)
INSERT [dbo].[PromotionsItem] ([Id], [PromotionsId], [ProductItemsId], [Status]) VALUES (N'f8822642-3b0a-43b9-a991-0505b37aab8d', N'cf48fc6a-2319-48d4-9921-f6f2e4289e1b', N'06478010-46b2-402f-88b3-c9585f9f3a7c', 1)
INSERT [dbo].[PromotionsItem] ([Id], [PromotionsId], [ProductItemsId], [Status]) VALUES (N'43ee4214-83ca-4ffa-87ac-052bd83c81b3', N'70139ebb-688c-4562-a39b-dc448a2ffc78', N'eb4e0bd6-fe4c-40a5-bb58-8ecbca2b3260', 1)
INSERT [dbo].[PromotionsItem] ([Id], [PromotionsId], [ProductItemsId], [Status]) VALUES (N'aa261dc3-8406-4b00-9269-063ba6b8a3f4', N'cf48fc6a-2319-48d4-9921-f6f2e4289e1b', N'7c1087d0-7cab-44f7-ac60-f6e0125e9584', 1)
INSERT [dbo].[PromotionsItem] ([Id], [PromotionsId], [ProductItemsId], [Status]) VALUES (N'9fdad4d9-d5eb-4c00-9bcf-073a9f7cbded', N'cf48fc6a-2319-48d4-9921-f6f2e4289e1b', N'22ea93c0-eb30-40fb-b404-1e2d712a97b4', 1)
INSERT [dbo].[PromotionsItem] ([Id], [PromotionsId], [ProductItemsId], [Status]) VALUES (N'e1cba2a6-0089-4348-b969-07e5b82ad1d7', N'45a4088d-1918-4958-b378-259db11d9ff7', N'76e93a39-5a29-4fe5-a63d-adf9a407330e', 1)
INSERT [dbo].[PromotionsItem] ([Id], [PromotionsId], [ProductItemsId], [Status]) VALUES (N'187cb2cd-b99c-4641-a159-0855f28bea34', N'45a4088d-1918-4958-b378-259db11d9ff7', N'c515f8d8-ce11-499f-b210-d726a38fb217', 1)
INSERT [dbo].[PromotionsItem] ([Id], [PromotionsId], [ProductItemsId], [Status]) VALUES (N'4d35580d-f589-4549-be67-096ccd187fc1', N'5fdce528-926c-4559-85b8-aeeb993d43ba', N'e16032fa-e3ed-43a4-91a2-cb36e85da8d2', 1)
INSERT [dbo].[PromotionsItem] ([Id], [PromotionsId], [ProductItemsId], [Status]) VALUES (N'efbf6145-4b50-472c-afd3-0980c0001602', N'45a4088d-1918-4958-b378-259db11d9ff7', N'd9079060-cfe1-4531-9af1-38db9b43e13b', 1)
INSERT [dbo].[PromotionsItem] ([Id], [PromotionsId], [ProductItemsId], [Status]) VALUES (N'125140d2-d105-475c-86c2-0ba5e0461502', N'5fdce528-926c-4559-85b8-aeeb993d43ba', N'ab8c9fee-67fa-4ea5-b4fd-77dabb7c375a', 1)
INSERT [dbo].[PromotionsItem] ([Id], [PromotionsId], [ProductItemsId], [Status]) VALUES (N'642f092d-00e7-450a-8c01-0bc00e26606b', N'fa7f9113-9e55-4bf4-ba2f-af5e85e256dc', N'43f73243-4c7b-4c0a-9261-2aefe122e9c6', 1)
INSERT [dbo].[PromotionsItem] ([Id], [PromotionsId], [ProductItemsId], [Status]) VALUES (N'75b448cd-ae49-4684-808c-0be51a82a83c', N'cf48fc6a-2319-48d4-9921-f6f2e4289e1b', N'f2fefaa6-9163-430c-84c2-1ef58b09ab22', 1)
INSERT [dbo].[PromotionsItem] ([Id], [PromotionsId], [ProductItemsId], [Status]) VALUES (N'8eb7a053-1bd4-4584-8def-0d01b393feff', N'70139ebb-688c-4562-a39b-dc448a2ffc78', N'768ba1ca-75a6-4393-b8e9-439204ae4e06', 1)
INSERT [dbo].[PromotionsItem] ([Id], [PromotionsId], [ProductItemsId], [Status]) VALUES (N'eaa9569d-c90b-403a-b6ef-0d77e690af15', N'cf48fc6a-2319-48d4-9921-f6f2e4289e1b', N'5274ff57-7306-4554-a314-ed87088cc430', 1)
INSERT [dbo].[PromotionsItem] ([Id], [PromotionsId], [ProductItemsId], [Status]) VALUES (N'ef179e83-4646-4d4d-a6cf-0dbecbd84ed7', N'cf48fc6a-2319-48d4-9921-f6f2e4289e1b', N'6ab387f8-6994-4880-a553-6bd5792ee3ff', 1)
INSERT [dbo].[PromotionsItem] ([Id], [PromotionsId], [ProductItemsId], [Status]) VALUES (N'13c6b623-fbcf-4766-998c-0f411c52fc46', N'70139ebb-688c-4562-a39b-dc448a2ffc78', N'808e28b2-2b1f-41c1-b2d0-130e00714174', 1)
INSERT [dbo].[PromotionsItem] ([Id], [PromotionsId], [ProductItemsId], [Status]) VALUES (N'bf1d7668-7a2d-4e33-a2a9-0ff273f853bb', N'45a4088d-1918-4958-b378-259db11d9ff7', N'9b4f1171-50e2-4684-baba-d4975e69e2f6', 1)
INSERT [dbo].[PromotionsItem] ([Id], [PromotionsId], [ProductItemsId], [Status]) VALUES (N'21b246f2-5af8-460e-a75a-1040d49620f2', N'cf48fc6a-2319-48d4-9921-f6f2e4289e1b', N'1dd5e00e-8ed8-406a-bef2-f17c4245fd9e', 1)
INSERT [dbo].[PromotionsItem] ([Id], [PromotionsId], [ProductItemsId], [Status]) VALUES (N'824e8202-39cd-45b0-80c6-11bb16fa6414', N'cf48fc6a-2319-48d4-9921-f6f2e4289e1b', N'02cd257a-5a9a-492c-9de6-23c11c081961', 1)
INSERT [dbo].[PromotionsItem] ([Id], [PromotionsId], [ProductItemsId], [Status]) VALUES (N'b7ed1a08-ffbc-48c7-af38-11c235b8f55c', N'45a4088d-1918-4958-b378-259db11d9ff7', N'84b2fe0a-4765-4420-84a7-66681ce5d29b', 1)
INSERT [dbo].[PromotionsItem] ([Id], [PromotionsId], [ProductItemsId], [Status]) VALUES (N'7b615692-85eb-4653-b6cd-13186078114c', N'70139ebb-688c-4562-a39b-dc448a2ffc78', N'14b42f44-3fce-476e-9353-eefebe8fcc51', 1)
INSERT [dbo].[PromotionsItem] ([Id], [PromotionsId], [ProductItemsId], [Status]) VALUES (N'673de113-c427-4da6-8cd6-1393f6fe6326', N'cf48fc6a-2319-48d4-9921-f6f2e4289e1b', N'bf5c1550-e40b-4ba9-b2d6-35338b59ae4d', 1)
INSERT [dbo].[PromotionsItem] ([Id], [PromotionsId], [ProductItemsId], [Status]) VALUES (N'09612139-1e0b-4904-8f88-154dfcd33f72', N'cf48fc6a-2319-48d4-9921-f6f2e4289e1b', N'7158d7f0-2562-465f-a8d3-946903bd291f', 1)
INSERT [dbo].[PromotionsItem] ([Id], [PromotionsId], [ProductItemsId], [Status]) VALUES (N'654592c5-32b3-453d-865f-15ad3a63b212', N'5fdce528-926c-4559-85b8-aeeb993d43ba', N'c4840033-8025-4341-ab4d-fa5c118a7074', 1)
INSERT [dbo].[PromotionsItem] ([Id], [PromotionsId], [ProductItemsId], [Status]) VALUES (N'a1a158c1-891e-4e9a-b4b1-160807b072f0', N'5fdce528-926c-4559-85b8-aeeb993d43ba', N'd32f1df8-cbcd-44b0-a21f-cd0959d3c6a1', 1)
INSERT [dbo].[PromotionsItem] ([Id], [PromotionsId], [ProductItemsId], [Status]) VALUES (N'069585f7-f6af-4c5e-88f2-1718e30227a9', N'cf48fc6a-2319-48d4-9921-f6f2e4289e1b', N'03706566-65c4-48de-a129-e8c0388d59c3', 1)
INSERT [dbo].[PromotionsItem] ([Id], [PromotionsId], [ProductItemsId], [Status]) VALUES (N'2eae6e31-6d7b-4153-930a-17c114edf039', N'cf48fc6a-2319-48d4-9921-f6f2e4289e1b', N'2ec3cdd4-ceb6-4418-b2a6-14cec4f9f1d9', 1)
INSERT [dbo].[PromotionsItem] ([Id], [PromotionsId], [ProductItemsId], [Status]) VALUES (N'71a8f443-9b9b-43de-a8e0-1891cec86898', N'45a4088d-1918-4958-b378-259db11d9ff7', N'abf973b3-5532-418f-ba15-0f6b25383b56', 1)
INSERT [dbo].[PromotionsItem] ([Id], [PromotionsId], [ProductItemsId], [Status]) VALUES (N'96800ab4-3dd0-4e05-9805-19eff733201b', N'cf48fc6a-2319-48d4-9921-f6f2e4289e1b', N'3d590b69-05f5-48d5-abff-c7f89d1212af', 1)
INSERT [dbo].[PromotionsItem] ([Id], [PromotionsId], [ProductItemsId], [Status]) VALUES (N'9b2c6157-67dd-46ec-8962-1acd5c1ea84a', N'70139ebb-688c-4562-a39b-dc448a2ffc78', N'7f40635b-2ddc-436d-93b5-7afb70f5a43d', 1)
INSERT [dbo].[PromotionsItem] ([Id], [PromotionsId], [ProductItemsId], [Status]) VALUES (N'617f4b55-e710-4e61-8587-1b1479005bea', N'5fdce528-926c-4559-85b8-aeeb993d43ba', N'20f8efb4-e2a8-4dc6-b71c-2354233af8a2', 1)
INSERT [dbo].[PromotionsItem] ([Id], [PromotionsId], [ProductItemsId], [Status]) VALUES (N'4aca71f7-e000-48a6-8409-1b4f846d6771', N'cf48fc6a-2319-48d4-9921-f6f2e4289e1b', N'2651c777-63ef-45be-a3ec-5298a964b1f4', 1)
INSERT [dbo].[PromotionsItem] ([Id], [PromotionsId], [ProductItemsId], [Status]) VALUES (N'9fa85d29-a049-4df4-9e88-1b7799e26dfc', N'cf48fc6a-2319-48d4-9921-f6f2e4289e1b', N'1e01a995-00e8-4e55-8fb8-af14886e4609', 1)
INSERT [dbo].[PromotionsItem] ([Id], [PromotionsId], [ProductItemsId], [Status]) VALUES (N'dfaaef52-b939-4fe1-ae17-1c3b3dfd78df', N'5fdce528-926c-4559-85b8-aeeb993d43ba', N'ba929934-5132-43ba-8c04-700a46757053', 1)
INSERT [dbo].[PromotionsItem] ([Id], [PromotionsId], [ProductItemsId], [Status]) VALUES (N'b3c2dd8a-a975-4302-9732-1c3c3dfc3d41', N'45a4088d-1918-4958-b378-259db11d9ff7', N'd3e45e52-fb3c-499b-93ca-618eea5d9b48', 1)
INSERT [dbo].[PromotionsItem] ([Id], [PromotionsId], [ProductItemsId], [Status]) VALUES (N'70b72a54-c76e-43c9-9e04-1c65a5f88e28', N'70139ebb-688c-4562-a39b-dc448a2ffc78', N'f219031c-98ae-483b-a67a-61aff6ef66b5', 1)
INSERT [dbo].[PromotionsItem] ([Id], [PromotionsId], [ProductItemsId], [Status]) VALUES (N'8b03639a-0bff-479d-ade2-1ccb9d6f280c', N'70139ebb-688c-4562-a39b-dc448a2ffc78', N'51a056cf-aafd-43b7-b0a8-db735f32de7d', 1)
INSERT [dbo].[PromotionsItem] ([Id], [PromotionsId], [ProductItemsId], [Status]) VALUES (N'61107b63-dde6-493d-b9ce-1cd519150718', N'5fdce528-926c-4559-85b8-aeeb993d43ba', N'023f3e19-7378-4bec-a262-1da7ae0543b9', 1)
INSERT [dbo].[PromotionsItem] ([Id], [PromotionsId], [ProductItemsId], [Status]) VALUES (N'8ad0a303-deaf-4a9a-937e-1d17579325d7', N'cf48fc6a-2319-48d4-9921-f6f2e4289e1b', N'97f911df-12db-4a7e-947b-ca63d4b7e337', 1)
INSERT [dbo].[PromotionsItem] ([Id], [PromotionsId], [ProductItemsId], [Status]) VALUES (N'476e57bb-0b61-45d0-a057-1e0e6a5ce039', N'cf48fc6a-2319-48d4-9921-f6f2e4289e1b', N'ca2dd6c0-ca10-4191-80bf-be764e3bf21c', 1)
INSERT [dbo].[PromotionsItem] ([Id], [PromotionsId], [ProductItemsId], [Status]) VALUES (N'aeed4727-0dfb-4852-9949-1e3c838a51ce', N'70139ebb-688c-4562-a39b-dc448a2ffc78', N'57114c8b-583e-4779-a4d5-fa489371e465', 1)
INSERT [dbo].[PromotionsItem] ([Id], [PromotionsId], [ProductItemsId], [Status]) VALUES (N'b99abcef-0fe3-4ba5-8223-1e541cc30fb4', N'70139ebb-688c-4562-a39b-dc448a2ffc78', N'834217f7-921e-4896-b128-935265e19da3', 1)
INSERT [dbo].[PromotionsItem] ([Id], [PromotionsId], [ProductItemsId], [Status]) VALUES (N'218dc8bd-e8b0-4ef6-b8f2-1e6ca4a51a51', N'cf48fc6a-2319-48d4-9921-f6f2e4289e1b', N'c5f8ab9e-6612-4ada-9664-12cc117f5ca5', 1)
INSERT [dbo].[PromotionsItem] ([Id], [PromotionsId], [ProductItemsId], [Status]) VALUES (N'97413fb5-dfe9-4afd-85c1-1fcc5ee6e94e', N'5fdce528-926c-4559-85b8-aeeb993d43ba', N'2adb5ef7-6218-4c8b-92e0-9afb32c1a9f1', 1)
INSERT [dbo].[PromotionsItem] ([Id], [PromotionsId], [ProductItemsId], [Status]) VALUES (N'7eee0750-7f05-41f8-b290-206fe45c7c74', N'5fdce528-926c-4559-85b8-aeeb993d43ba', N'2d15ebe8-95e2-4095-bb6a-de78875fdc9d', 1)
INSERT [dbo].[PromotionsItem] ([Id], [PromotionsId], [ProductItemsId], [Status]) VALUES (N'ede06efd-6f57-44f8-b310-216ecf98c2c0', N'5fdce528-926c-4559-85b8-aeeb993d43ba', N'305aae5e-4b4c-4338-91bc-8964fcb5effd', 1)
INSERT [dbo].[PromotionsItem] ([Id], [PromotionsId], [ProductItemsId], [Status]) VALUES (N'ace1b6d7-805d-403f-a886-225769f732a3', N'45a4088d-1918-4958-b378-259db11d9ff7', N'48d91834-0b5f-45f0-9202-206e47c55759', 1)
INSERT [dbo].[PromotionsItem] ([Id], [PromotionsId], [ProductItemsId], [Status]) VALUES (N'71f7dc3a-8adc-4177-9b60-2328bcfe2ba8', N'45a4088d-1918-4958-b378-259db11d9ff7', N'de35f925-bb1f-4de7-9146-2b61dba050a3', 1)
INSERT [dbo].[PromotionsItem] ([Id], [PromotionsId], [ProductItemsId], [Status]) VALUES (N'c96ce907-13bd-4d71-aafa-235e4ef663ab', N'5fdce528-926c-4559-85b8-aeeb993d43ba', N'78094983-69d8-4e01-8a19-02436f488cfd', 1)
INSERT [dbo].[PromotionsItem] ([Id], [PromotionsId], [ProductItemsId], [Status]) VALUES (N'9b57e5e8-a118-4541-895c-2365ec49bedb', N'cf48fc6a-2319-48d4-9921-f6f2e4289e1b', N'9e4e0e8a-c305-4713-a2f6-1d692b2fa517', 1)
INSERT [dbo].[PromotionsItem] ([Id], [PromotionsId], [ProductItemsId], [Status]) VALUES (N'96477297-9aac-4eae-bb86-24a95c54ef2f', N'cf48fc6a-2319-48d4-9921-f6f2e4289e1b', N'5219dfbd-0ace-48fe-ab61-99706fd6af8e', 1)
INSERT [dbo].[PromotionsItem] ([Id], [PromotionsId], [ProductItemsId], [Status]) VALUES (N'57b37b4a-0cc2-4ba3-8380-24b1e561ec2d', N'70139ebb-688c-4562-a39b-dc448a2ffc78', N'69543843-d5bc-4e87-9e34-662e87cda455', 1)
INSERT [dbo].[PromotionsItem] ([Id], [PromotionsId], [ProductItemsId], [Status]) VALUES (N'fa33e5b9-94dd-4a31-8fc7-24e1745596cf', N'70139ebb-688c-4562-a39b-dc448a2ffc78', N'0c6f378f-77be-4939-81f3-eae9143ef2c1', 1)
INSERT [dbo].[PromotionsItem] ([Id], [PromotionsId], [ProductItemsId], [Status]) VALUES (N'834b2fc9-1128-48f1-87cf-25675912cac9', N'cf48fc6a-2319-48d4-9921-f6f2e4289e1b', N'adfa1059-888c-4c63-ba91-b86b135eb4a9', 1)
INSERT [dbo].[PromotionsItem] ([Id], [PromotionsId], [ProductItemsId], [Status]) VALUES (N'eafdd5c5-9c37-416b-af87-26b7d3bf7d60', N'5fdce528-926c-4559-85b8-aeeb993d43ba', N'090fd827-b9fc-4396-9c03-172f22a3886e', 1)
INSERT [dbo].[PromotionsItem] ([Id], [PromotionsId], [ProductItemsId], [Status]) VALUES (N'65b9b4ff-a275-48d4-a568-2706f700bef7', N'fa7f9113-9e55-4bf4-ba2f-af5e85e256dc', N'a810870e-5a0a-41de-a0bd-72cbe246e071', 1)
INSERT [dbo].[PromotionsItem] ([Id], [PromotionsId], [ProductItemsId], [Status]) VALUES (N'6190e0ba-33c6-4683-a378-27c151fab340', N'cf48fc6a-2319-48d4-9921-f6f2e4289e1b', N'5be84c1b-e78b-453c-a3e2-a46e4a98a3c2', 1)
INSERT [dbo].[PromotionsItem] ([Id], [PromotionsId], [ProductItemsId], [Status]) VALUES (N'9a12af9c-5919-463e-bef5-2812115ce48f', N'cf48fc6a-2319-48d4-9921-f6f2e4289e1b', N'f02dea50-5089-4822-a891-55f2ab9dc92c', 1)
INSERT [dbo].[PromotionsItem] ([Id], [PromotionsId], [ProductItemsId], [Status]) VALUES (N'084d2f0d-889a-401e-87e0-28310e53cfe6', N'5fdce528-926c-4559-85b8-aeeb993d43ba', N'7319d82b-2ae5-409a-9cbb-e03c3332af35', 1)
INSERT [dbo].[PromotionsItem] ([Id], [PromotionsId], [ProductItemsId], [Status]) VALUES (N'f52dcd16-995d-4a9c-8a5f-29be5538f31b', N'fa7f9113-9e55-4bf4-ba2f-af5e85e256dc', N'c4476d09-d46f-4fe9-a2a3-2fc21b7bf89b', 1)
INSERT [dbo].[PromotionsItem] ([Id], [PromotionsId], [ProductItemsId], [Status]) VALUES (N'9c4c2944-4c55-437e-87a2-2a0dd729c698', N'70139ebb-688c-4562-a39b-dc448a2ffc78', N'745b84cd-2c33-4431-a76e-14a0d334d4bf', 1)
INSERT [dbo].[PromotionsItem] ([Id], [PromotionsId], [ProductItemsId], [Status]) VALUES (N'1e3d02d8-70ff-450b-8c57-2a260a74d60e', N'70139ebb-688c-4562-a39b-dc448a2ffc78', N'7c7f15ca-1cf6-402e-91da-e5e895c2c8d6', 1)
INSERT [dbo].[PromotionsItem] ([Id], [PromotionsId], [ProductItemsId], [Status]) VALUES (N'd43cd1bb-34d3-4888-b5c2-2a73e8558ce5', N'cf48fc6a-2319-48d4-9921-f6f2e4289e1b', N'2794e615-30e7-4441-a0ef-2350496fd962', 1)
INSERT [dbo].[PromotionsItem] ([Id], [PromotionsId], [ProductItemsId], [Status]) VALUES (N'bc35c186-4f3e-40e0-beed-2c86167d2bd9', N'70139ebb-688c-4562-a39b-dc448a2ffc78', N'94c02641-ea99-4f9a-a2c5-bf310a382082', 1)
INSERT [dbo].[PromotionsItem] ([Id], [PromotionsId], [ProductItemsId], [Status]) VALUES (N'145831ef-ddc2-439a-bc88-2ddeb53ded5e', N'cf48fc6a-2319-48d4-9921-f6f2e4289e1b', N'e7fbaad6-d1be-4dc4-abc4-fbff03e8b8a4', 1)
INSERT [dbo].[PromotionsItem] ([Id], [PromotionsId], [ProductItemsId], [Status]) VALUES (N'b187ec50-25c3-420c-bb39-2ddf138b5895', N'70139ebb-688c-4562-a39b-dc448a2ffc78', N'926f9896-c412-420a-acf4-fd9ee650b2f6', 1)
INSERT [dbo].[PromotionsItem] ([Id], [PromotionsId], [ProductItemsId], [Status]) VALUES (N'8dc7037f-e71e-4eca-9644-2e00c8ae5351', N'cf48fc6a-2319-48d4-9921-f6f2e4289e1b', N'f4d8f6b3-85a2-47f7-83ca-fd1f20f7e578', 1)
INSERT [dbo].[PromotionsItem] ([Id], [PromotionsId], [ProductItemsId], [Status]) VALUES (N'3a8c0ac2-8e46-407b-b928-2e4f1c4550e7', N'5fdce528-926c-4559-85b8-aeeb993d43ba', N'8d58b06f-8a11-4d81-9b32-dc2f264e630d', 1)
INSERT [dbo].[PromotionsItem] ([Id], [PromotionsId], [ProductItemsId], [Status]) VALUES (N'43456c3a-233f-4abb-9470-2e946b434c3a', N'70139ebb-688c-4562-a39b-dc448a2ffc78', N'dbc39f37-2fec-4694-9a03-67ae47b13e72', 1)
INSERT [dbo].[PromotionsItem] ([Id], [PromotionsId], [ProductItemsId], [Status]) VALUES (N'822fa916-040e-4258-ba35-2f8237367191', N'cf48fc6a-2319-48d4-9921-f6f2e4289e1b', N'bc80a74b-2dc8-4889-a374-e7133b139b4f', 1)
INSERT [dbo].[PromotionsItem] ([Id], [PromotionsId], [ProductItemsId], [Status]) VALUES (N'8893e592-c142-4f86-b8dd-30a47c917f9e', N'45a4088d-1918-4958-b378-259db11d9ff7', N'2b51c437-0584-400c-8b1b-ee0690e330dd', 1)
INSERT [dbo].[PromotionsItem] ([Id], [PromotionsId], [ProductItemsId], [Status]) VALUES (N'c8c1416c-0d10-4923-bbc0-315da7ad7afb', N'cf48fc6a-2319-48d4-9921-f6f2e4289e1b', N'da57c0c8-763c-4bfd-91c3-e1d4641994cc', 1)
INSERT [dbo].[PromotionsItem] ([Id], [PromotionsId], [ProductItemsId], [Status]) VALUES (N'6a3f976a-68a3-42c9-880b-32c8df703f7b', N'70139ebb-688c-4562-a39b-dc448a2ffc78', N'4db74c56-7bc7-440f-ba8e-39821ee21957', 1)
INSERT [dbo].[PromotionsItem] ([Id], [PromotionsId], [ProductItemsId], [Status]) VALUES (N'4167410a-0cc0-4344-82ea-34b34a151582', N'cf48fc6a-2319-48d4-9921-f6f2e4289e1b', N'a0079d39-c1a8-41c7-9a1a-8225555cc21c', 1)
INSERT [dbo].[PromotionsItem] ([Id], [PromotionsId], [ProductItemsId], [Status]) VALUES (N'4f6e689d-bc47-4f8a-a23f-34ca89303c7b', N'70139ebb-688c-4562-a39b-dc448a2ffc78', N'dad346a0-e558-43fa-8ed6-9c682f914d2d', 1)
INSERT [dbo].[PromotionsItem] ([Id], [PromotionsId], [ProductItemsId], [Status]) VALUES (N'f0c9a961-90fa-4718-aa83-34dc51e54dde', N'cf48fc6a-2319-48d4-9921-f6f2e4289e1b', N'5b9808a6-a1a9-4bc5-b62f-cae3cd7be5e5', 1)
INSERT [dbo].[PromotionsItem] ([Id], [PromotionsId], [ProductItemsId], [Status]) VALUES (N'987bf5d7-3b97-4fb3-a151-34f14e8c7fc1', N'cf48fc6a-2319-48d4-9921-f6f2e4289e1b', N'2deafbd7-aadc-408d-a6fd-94a4377896e1', 1)
INSERT [dbo].[PromotionsItem] ([Id], [PromotionsId], [ProductItemsId], [Status]) VALUES (N'4bc8a594-b46a-41cc-a193-3512dbd89ac9', N'5fdce528-926c-4559-85b8-aeeb993d43ba', N'a279c975-2b8a-4e41-b435-0eda43f96d8b', 1)
INSERT [dbo].[PromotionsItem] ([Id], [PromotionsId], [ProductItemsId], [Status]) VALUES (N'85d81e76-f50e-4d6a-8241-35300764881c', N'70139ebb-688c-4562-a39b-dc448a2ffc78', N'b5737393-b35d-4d99-a92c-1a3a524eda20', 1)
INSERT [dbo].[PromotionsItem] ([Id], [PromotionsId], [ProductItemsId], [Status]) VALUES (N'0d5cb435-4202-4626-8ad0-35b2064fa8d0', N'fa7f9113-9e55-4bf4-ba2f-af5e85e256dc', N'57ca98aa-05cc-4895-a748-bca3e30fcd72', 1)
INSERT [dbo].[PromotionsItem] ([Id], [PromotionsId], [ProductItemsId], [Status]) VALUES (N'df94bc69-9110-4a81-8918-367eea193422', N'cf48fc6a-2319-48d4-9921-f6f2e4289e1b', N'80946317-347d-4ae7-980a-0ac1012b0749', 1)
INSERT [dbo].[PromotionsItem] ([Id], [PromotionsId], [ProductItemsId], [Status]) VALUES (N'15c22006-2672-4a27-8500-3733c42b158f', N'cf48fc6a-2319-48d4-9921-f6f2e4289e1b', N'7e9268fa-bd17-4acd-ad98-4da539434c2f', 1)
INSERT [dbo].[PromotionsItem] ([Id], [PromotionsId], [ProductItemsId], [Status]) VALUES (N'c3b12a53-ce26-42dd-8131-37ba5ab1e6c4', N'fa7f9113-9e55-4bf4-ba2f-af5e85e256dc', N'87cc595d-7842-4858-85bf-ffd891a840e0', 1)
INSERT [dbo].[PromotionsItem] ([Id], [PromotionsId], [ProductItemsId], [Status]) VALUES (N'8504aa18-e9c1-4fd2-a1ab-393a0ea37196', N'5fdce528-926c-4559-85b8-aeeb993d43ba', N'4b869193-91e4-4e73-a8f8-6602c954a839', 1)
INSERT [dbo].[PromotionsItem] ([Id], [PromotionsId], [ProductItemsId], [Status]) VALUES (N'd75a5754-8aad-4807-a8b3-3960de01f79e', N'70139ebb-688c-4562-a39b-dc448a2ffc78', N'f21d1ba7-b1a2-4edc-816a-ffd202adc8db', 1)
INSERT [dbo].[PromotionsItem] ([Id], [PromotionsId], [ProductItemsId], [Status]) VALUES (N'e0aec2f1-1f8a-4c58-b8da-3cefcfe61f62', N'70139ebb-688c-4562-a39b-dc448a2ffc78', N'6ff58bc2-3f55-4e98-9058-d144188ee203', 1)
INSERT [dbo].[PromotionsItem] ([Id], [PromotionsId], [ProductItemsId], [Status]) VALUES (N'3a37679d-7e4d-41e4-9738-3d92a8ec9eb6', N'5fdce528-926c-4559-85b8-aeeb993d43ba', N'070d9ef1-1a16-4198-b680-df1be4e22c3b', 1)
INSERT [dbo].[PromotionsItem] ([Id], [PromotionsId], [ProductItemsId], [Status]) VALUES (N'd6547501-c1d3-45d2-baa3-3dd4214ef169', N'5fdce528-926c-4559-85b8-aeeb993d43ba', N'cee8dd5d-8f81-41de-819d-d4c3c9c5aa4e', 1)
INSERT [dbo].[PromotionsItem] ([Id], [PromotionsId], [ProductItemsId], [Status]) VALUES (N'64f6d46b-5394-4da5-80fb-3e589110fc89', N'70139ebb-688c-4562-a39b-dc448a2ffc78', N'ca456934-ab08-4e83-b042-0b214e59f341', 1)
GO
INSERT [dbo].[PromotionsItem] ([Id], [PromotionsId], [ProductItemsId], [Status]) VALUES (N'e37a1169-bb55-45e4-abb9-3ea1309f329c', N'5fdce528-926c-4559-85b8-aeeb993d43ba', N'a79612aa-8ece-4759-bccb-08417042dc7b', 1)
INSERT [dbo].[PromotionsItem] ([Id], [PromotionsId], [ProductItemsId], [Status]) VALUES (N'f4e98087-4eb9-48ba-b4de-3ec8c5342488', N'cf48fc6a-2319-48d4-9921-f6f2e4289e1b', N'cf806d2c-a13c-49cd-9699-b4e07e067846', 1)
INSERT [dbo].[PromotionsItem] ([Id], [PromotionsId], [ProductItemsId], [Status]) VALUES (N'8a5b9661-43ae-4b5b-81fc-419ad07fe5ae', N'cf48fc6a-2319-48d4-9921-f6f2e4289e1b', N'e7fa58ad-c742-466b-bcb8-240cae03e586', 1)
INSERT [dbo].[PromotionsItem] ([Id], [PromotionsId], [ProductItemsId], [Status]) VALUES (N'7ece84d4-e1b3-4ce2-8615-42621db733cc', N'5fdce528-926c-4559-85b8-aeeb993d43ba', N'93b4165f-b237-447a-8acc-33b3298899f6', 1)
INSERT [dbo].[PromotionsItem] ([Id], [PromotionsId], [ProductItemsId], [Status]) VALUES (N'8b05d253-0262-49a5-bcb6-4306cb484f0c', N'5fdce528-926c-4559-85b8-aeeb993d43ba', N'bcd06b0d-feec-43ae-9619-7ac18683fbee', 1)
INSERT [dbo].[PromotionsItem] ([Id], [PromotionsId], [ProductItemsId], [Status]) VALUES (N'acc9221e-203d-44d8-b337-430a9bb9cff5', N'5fdce528-926c-4559-85b8-aeeb993d43ba', N'1a0f291a-260a-435e-8039-73831afe4b88', 1)
INSERT [dbo].[PromotionsItem] ([Id], [PromotionsId], [ProductItemsId], [Status]) VALUES (N'82035cce-9968-40dc-8fe3-4318f2841117', N'5fdce528-926c-4559-85b8-aeeb993d43ba', N'03ac6e28-d467-4600-a76b-a6ff17d56add', 1)
INSERT [dbo].[PromotionsItem] ([Id], [PromotionsId], [ProductItemsId], [Status]) VALUES (N'bfccb055-ec2e-45e4-b075-4464abc81213', N'70139ebb-688c-4562-a39b-dc448a2ffc78', N'33721082-f94c-410a-89aa-48adc446f9b7', 1)
INSERT [dbo].[PromotionsItem] ([Id], [PromotionsId], [ProductItemsId], [Status]) VALUES (N'f65886ec-b1d7-463b-9deb-44cece698e97', N'cf48fc6a-2319-48d4-9921-f6f2e4289e1b', N'db885c89-41f7-412c-b7dc-ff5c80cd933a', 1)
INSERT [dbo].[PromotionsItem] ([Id], [PromotionsId], [ProductItemsId], [Status]) VALUES (N'7b8a21a0-1257-440f-b757-45a466eacb5f', N'cf48fc6a-2319-48d4-9921-f6f2e4289e1b', N'd592985c-e6ad-4436-b1c2-ee04cc3091e2', 1)
INSERT [dbo].[PromotionsItem] ([Id], [PromotionsId], [ProductItemsId], [Status]) VALUES (N'c4f8f1de-e2b7-4710-8971-468df0074647', N'cf48fc6a-2319-48d4-9921-f6f2e4289e1b', N'9f4efcf6-f068-409f-bfa5-62d56aedfeeb', 1)
INSERT [dbo].[PromotionsItem] ([Id], [PromotionsId], [ProductItemsId], [Status]) VALUES (N'698f11e9-02b8-460a-9648-46a72cfb5da2', N'45a4088d-1918-4958-b378-259db11d9ff7', N'4449bb9f-b629-437b-95c5-286eb6952ce8', 1)
INSERT [dbo].[PromotionsItem] ([Id], [PromotionsId], [ProductItemsId], [Status]) VALUES (N'423b08fa-4f3a-46dd-9cfd-473408093aa9', N'cf48fc6a-2319-48d4-9921-f6f2e4289e1b', N'66c3b98c-4daa-4126-afc8-4f858ee98626', 1)
INSERT [dbo].[PromotionsItem] ([Id], [PromotionsId], [ProductItemsId], [Status]) VALUES (N'9b0088b0-b7db-4f6a-bb31-4748114c8998', N'cf48fc6a-2319-48d4-9921-f6f2e4289e1b', N'f2f8314d-eb2d-431c-9743-c8fa0fdaa6e3', 1)
INSERT [dbo].[PromotionsItem] ([Id], [PromotionsId], [ProductItemsId], [Status]) VALUES (N'746ecc38-46ee-4bf3-83c3-4805c190a976', N'cf48fc6a-2319-48d4-9921-f6f2e4289e1b', N'802ad273-ed59-48bc-a23f-6f11b6d19c64', 1)
INSERT [dbo].[PromotionsItem] ([Id], [PromotionsId], [ProductItemsId], [Status]) VALUES (N'4882e976-f714-4401-bcf2-48307eba06be', N'45a4088d-1918-4958-b378-259db11d9ff7', N'fba5eca5-52b1-4bf6-a0d5-e9fdca27d800', 1)
INSERT [dbo].[PromotionsItem] ([Id], [PromotionsId], [ProductItemsId], [Status]) VALUES (N'7a19400b-184c-47ce-8361-49acd7cc01f7', N'70139ebb-688c-4562-a39b-dc448a2ffc78', N'9a6f871e-19e1-4dc4-8fc5-8f6579309879', 1)
INSERT [dbo].[PromotionsItem] ([Id], [PromotionsId], [ProductItemsId], [Status]) VALUES (N'dff32b28-202e-42c1-942d-4ac7e47bb6e8', N'5fdce528-926c-4559-85b8-aeeb993d43ba', N'fe001b09-e0fc-4d93-a947-848061db1c19', 1)
INSERT [dbo].[PromotionsItem] ([Id], [PromotionsId], [ProductItemsId], [Status]) VALUES (N'978f7b24-e1f8-4ee4-a53a-4b1202fcd43f', N'cf48fc6a-2319-48d4-9921-f6f2e4289e1b', N'e8bbe5e5-84f1-45ed-8f32-9314326a74fa', 1)
INSERT [dbo].[PromotionsItem] ([Id], [PromotionsId], [ProductItemsId], [Status]) VALUES (N'd46124a0-1205-4c89-ae27-4b3e41ef04f4', N'cf48fc6a-2319-48d4-9921-f6f2e4289e1b', N'47fe58e6-1134-43ef-ac09-0a005a494cd7', 1)
INSERT [dbo].[PromotionsItem] ([Id], [PromotionsId], [ProductItemsId], [Status]) VALUES (N'669e17cc-3efc-474b-8eab-4b48bbb7a822', N'fa7f9113-9e55-4bf4-ba2f-af5e85e256dc', N'07695a27-fed8-4b35-98da-4c2eca9165bd', 1)
INSERT [dbo].[PromotionsItem] ([Id], [PromotionsId], [ProductItemsId], [Status]) VALUES (N'23f8d16c-f41f-4441-b11a-4c1f7fba7b51', N'70139ebb-688c-4562-a39b-dc448a2ffc78', N'02da33c9-aba0-4521-8559-a087713e67b7', 1)
INSERT [dbo].[PromotionsItem] ([Id], [PromotionsId], [ProductItemsId], [Status]) VALUES (N'ab6e2ff3-3dda-4132-86a4-4c8ef0da874f', N'cf48fc6a-2319-48d4-9921-f6f2e4289e1b', N'e565e206-efee-4dab-b150-51cd06f5cb7c', 1)
INSERT [dbo].[PromotionsItem] ([Id], [PromotionsId], [ProductItemsId], [Status]) VALUES (N'e7cc747c-80cb-4904-b8a9-4ca777294c45', N'cf48fc6a-2319-48d4-9921-f6f2e4289e1b', N'bbab2218-97f2-435f-aa57-66048ccc07e5', 1)
INSERT [dbo].[PromotionsItem] ([Id], [PromotionsId], [ProductItemsId], [Status]) VALUES (N'dabcb07b-b595-43a6-ada9-4d8b6134e74e', N'45a4088d-1918-4958-b378-259db11d9ff7', N'adf8e940-28df-47e1-8bf2-4e7ec92ec784', 1)
INSERT [dbo].[PromotionsItem] ([Id], [PromotionsId], [ProductItemsId], [Status]) VALUES (N'51ce388c-cbbf-40b0-905a-4dbe65d1e2a7', N'5fdce528-926c-4559-85b8-aeeb993d43ba', N'92fafb38-2613-4fe1-9450-584ac216d0a3', 1)
INSERT [dbo].[PromotionsItem] ([Id], [PromotionsId], [ProductItemsId], [Status]) VALUES (N'b072034f-a555-484e-a8c1-4ed444a471d7', N'70139ebb-688c-4562-a39b-dc448a2ffc78', N'fd921d8f-2580-498e-9a95-eedfcd53210d', 1)
INSERT [dbo].[PromotionsItem] ([Id], [PromotionsId], [ProductItemsId], [Status]) VALUES (N'f8a0fe77-ccea-4926-a9f7-4f67c2ad039d', N'70139ebb-688c-4562-a39b-dc448a2ffc78', N'82efc9de-49ac-4675-a1bc-61ff79bb586a', 1)
INSERT [dbo].[PromotionsItem] ([Id], [PromotionsId], [ProductItemsId], [Status]) VALUES (N'd25ea820-04db-4a18-9973-501aa6edb0a2', N'70139ebb-688c-4562-a39b-dc448a2ffc78', N'ffa368ea-1639-4310-af8b-fd6022b0b105', 1)
INSERT [dbo].[PromotionsItem] ([Id], [PromotionsId], [ProductItemsId], [Status]) VALUES (N'ed79fd25-dbd8-4a41-9fe9-50384293af9c', N'cf48fc6a-2319-48d4-9921-f6f2e4289e1b', N'bd42f7b2-89bd-467a-b567-7bd173ebfb6c', 1)
INSERT [dbo].[PromotionsItem] ([Id], [PromotionsId], [ProductItemsId], [Status]) VALUES (N'58f0df03-995b-4d7d-820c-506e1098ae76', N'5fdce528-926c-4559-85b8-aeeb993d43ba', N'50fd5115-3d3c-4979-9433-c499fa9d4fbf', 1)
INSERT [dbo].[PromotionsItem] ([Id], [PromotionsId], [ProductItemsId], [Status]) VALUES (N'b4ebb1c2-a855-49d8-ba1f-515977cf6d90', N'45a4088d-1918-4958-b378-259db11d9ff7', N'dd5a54ef-375a-41ed-b439-10b9a4b28d7e', 1)
INSERT [dbo].[PromotionsItem] ([Id], [PromotionsId], [ProductItemsId], [Status]) VALUES (N'3f3517a0-3b28-416a-8c1e-51a5dde135e6', N'fa7f9113-9e55-4bf4-ba2f-af5e85e256dc', N'54aa46a2-bb00-43f7-8752-650a39719eac', 1)
INSERT [dbo].[PromotionsItem] ([Id], [PromotionsId], [ProductItemsId], [Status]) VALUES (N'1c0119ca-9776-4c81-a9f7-51d5d67363af', N'cf48fc6a-2319-48d4-9921-f6f2e4289e1b', N'f459477e-9f7f-4971-ac81-bf3f8534d6d0', 1)
INSERT [dbo].[PromotionsItem] ([Id], [PromotionsId], [ProductItemsId], [Status]) VALUES (N'9e0bbee3-7434-420e-8547-523524b4eee6', N'cf48fc6a-2319-48d4-9921-f6f2e4289e1b', N'1ca181e7-bbdc-4c5e-ba09-2cbc11c3da3d', 1)
INSERT [dbo].[PromotionsItem] ([Id], [PromotionsId], [ProductItemsId], [Status]) VALUES (N'2713951b-f618-4069-8ac3-524e5dce916f', N'5fdce528-926c-4559-85b8-aeeb993d43ba', N'410ad77b-877b-4338-b206-7f43fc9038b1', 1)
INSERT [dbo].[PromotionsItem] ([Id], [PromotionsId], [ProductItemsId], [Status]) VALUES (N'c2fdc6cd-ca6c-4c68-bd67-52a59fd940c4', N'cf48fc6a-2319-48d4-9921-f6f2e4289e1b', N'f9dc4355-35a3-492c-ba2f-569652611d42', 1)
INSERT [dbo].[PromotionsItem] ([Id], [PromotionsId], [ProductItemsId], [Status]) VALUES (N'a8305a56-27c3-4a29-8791-532d95741c4a', N'cf48fc6a-2319-48d4-9921-f6f2e4289e1b', N'b66c4daf-1ba7-4008-b8e8-eec32c65d1cf', 1)
INSERT [dbo].[PromotionsItem] ([Id], [PromotionsId], [ProductItemsId], [Status]) VALUES (N'4e5c4f0a-0122-4946-9bee-53c0e21add69', N'5fdce528-926c-4559-85b8-aeeb993d43ba', N'9a8b1045-06d6-4f8e-b4b0-a94c29b5457d', 1)
INSERT [dbo].[PromotionsItem] ([Id], [PromotionsId], [ProductItemsId], [Status]) VALUES (N'278e675a-3110-4516-b9c6-53fe9e427b20', N'cf48fc6a-2319-48d4-9921-f6f2e4289e1b', N'8642093b-4658-46ac-8592-edfffd8ada21', 1)
INSERT [dbo].[PromotionsItem] ([Id], [PromotionsId], [ProductItemsId], [Status]) VALUES (N'cb87b5b1-32fc-4c39-a7fd-54495f47c7f3', N'5fdce528-926c-4559-85b8-aeeb993d43ba', N'a255989b-c451-4604-80cb-cc47d663c0d0', 1)
INSERT [dbo].[PromotionsItem] ([Id], [PromotionsId], [ProductItemsId], [Status]) VALUES (N'71ed8d4f-dc3a-4e30-9dce-571f8eee78a1', N'cf48fc6a-2319-48d4-9921-f6f2e4289e1b', N'd40eab75-eebd-4cee-b056-b4fd71dbdb2e', 1)
INSERT [dbo].[PromotionsItem] ([Id], [PromotionsId], [ProductItemsId], [Status]) VALUES (N'4cb87b4a-1f14-40e0-b019-57388e34a198', N'5fdce528-926c-4559-85b8-aeeb993d43ba', N'8953bf7e-8b23-4cc2-a7cc-3abf677e6c5b', 1)
INSERT [dbo].[PromotionsItem] ([Id], [PromotionsId], [ProductItemsId], [Status]) VALUES (N'798b73bc-d5d7-4d95-b569-57b91b02a0bc', N'70139ebb-688c-4562-a39b-dc448a2ffc78', N'e7023a9f-82de-4215-a652-e064e127685f', 1)
INSERT [dbo].[PromotionsItem] ([Id], [PromotionsId], [ProductItemsId], [Status]) VALUES (N'e47d92b6-922b-4b38-8a4d-5845d11e75b1', N'cf48fc6a-2319-48d4-9921-f6f2e4289e1b', N'c4c57681-6844-433c-a88c-36785f7c7f22', 1)
INSERT [dbo].[PromotionsItem] ([Id], [PromotionsId], [ProductItemsId], [Status]) VALUES (N'46f43387-9e66-4de1-b2c5-596b96d2c23a', N'45a4088d-1918-4958-b378-259db11d9ff7', N'9a1a7cc2-455c-425d-acba-b0ce54fdb892', 1)
INSERT [dbo].[PromotionsItem] ([Id], [PromotionsId], [ProductItemsId], [Status]) VALUES (N'cef4b5a9-d984-40b3-a410-59b1b0784dbb', N'cf48fc6a-2319-48d4-9921-f6f2e4289e1b', N'b24595e0-04d7-40aa-88fc-e051d16255a0', 1)
INSERT [dbo].[PromotionsItem] ([Id], [PromotionsId], [ProductItemsId], [Status]) VALUES (N'26cdbc3e-bdb0-4a25-825c-59c5dab020b2', N'cf48fc6a-2319-48d4-9921-f6f2e4289e1b', N'c126aaad-3cca-4078-8a2e-797df9ae6f92', 1)
INSERT [dbo].[PromotionsItem] ([Id], [PromotionsId], [ProductItemsId], [Status]) VALUES (N'a4982856-5129-4d70-a91f-5a9f690784b2', N'5fdce528-926c-4559-85b8-aeeb993d43ba', N'16a90ba4-fe2d-4fee-b97a-93e600251e0c', 1)
INSERT [dbo].[PromotionsItem] ([Id], [PromotionsId], [ProductItemsId], [Status]) VALUES (N'c65367d1-e9fc-4422-a348-5b0019c049b3', N'70139ebb-688c-4562-a39b-dc448a2ffc78', N'89baf4dc-4ed2-45b9-99d7-b662d58405dd', 1)
INSERT [dbo].[PromotionsItem] ([Id], [PromotionsId], [ProductItemsId], [Status]) VALUES (N'0aaf54f3-23d6-4eca-a3e6-5b18220a5923', N'cf48fc6a-2319-48d4-9921-f6f2e4289e1b', N'c368e68b-f666-4909-bb91-3e093d0b867c', 1)
INSERT [dbo].[PromotionsItem] ([Id], [PromotionsId], [ProductItemsId], [Status]) VALUES (N'c94444d1-31a9-423f-836f-5b2a5748dcbb', N'45a4088d-1918-4958-b378-259db11d9ff7', N'b85265bc-6c92-48cf-8850-a21ddbf03592', 1)
INSERT [dbo].[PromotionsItem] ([Id], [PromotionsId], [ProductItemsId], [Status]) VALUES (N'd5f848a5-5376-4d98-9d9c-5bd5e0ce6780', N'cf48fc6a-2319-48d4-9921-f6f2e4289e1b', N'e9a75d37-b7a0-4dbb-8e0e-9f511f849606', 1)
INSERT [dbo].[PromotionsItem] ([Id], [PromotionsId], [ProductItemsId], [Status]) VALUES (N'0cfd29cb-6dd1-4152-a2f2-5d64362b2284', N'5fdce528-926c-4559-85b8-aeeb993d43ba', N'0a8c9c9f-b659-4ce1-ad03-aeba60bae4f3', 1)
INSERT [dbo].[PromotionsItem] ([Id], [PromotionsId], [ProductItemsId], [Status]) VALUES (N'0191fa48-6bd7-4c3e-b65a-5e835a2e5701', N'70139ebb-688c-4562-a39b-dc448a2ffc78', N'52a49265-375b-40e8-b43f-2f981125557b', 1)
INSERT [dbo].[PromotionsItem] ([Id], [PromotionsId], [ProductItemsId], [Status]) VALUES (N'7a908d12-0ae8-42ff-b751-5efb6a15023e', N'70139ebb-688c-4562-a39b-dc448a2ffc78', N'99881661-a172-47ad-b424-3447e1d09841', 1)
INSERT [dbo].[PromotionsItem] ([Id], [PromotionsId], [ProductItemsId], [Status]) VALUES (N'7cecf620-2d43-4339-b6b5-5f5ad5459c62', N'45a4088d-1918-4958-b378-259db11d9ff7', N'a26d8db5-9526-404c-a64e-572d4dae5139', 1)
INSERT [dbo].[PromotionsItem] ([Id], [PromotionsId], [ProductItemsId], [Status]) VALUES (N'8320748d-9b3e-4fa6-a8a0-603fc942b875', N'fa7f9113-9e55-4bf4-ba2f-af5e85e256dc', N'c72659f9-f7a2-4d9c-8fd5-f6e8dab79f7f', 1)
INSERT [dbo].[PromotionsItem] ([Id], [PromotionsId], [ProductItemsId], [Status]) VALUES (N'a7d7e468-23ec-44db-b503-607a35d80766', N'cf48fc6a-2319-48d4-9921-f6f2e4289e1b', N'27a49072-3c58-4846-94d9-9b521efb28e5', 1)
INSERT [dbo].[PromotionsItem] ([Id], [PromotionsId], [ProductItemsId], [Status]) VALUES (N'830c9ec1-2561-4585-a3c1-61721147e332', N'cf48fc6a-2319-48d4-9921-f6f2e4289e1b', N'4f3a09fe-4e8f-4c78-8559-3c9590caae4f', 1)
INSERT [dbo].[PromotionsItem] ([Id], [PromotionsId], [ProductItemsId], [Status]) VALUES (N'e7e995fb-4010-4cbc-a5e0-61f71eb1eafa', N'cf48fc6a-2319-48d4-9921-f6f2e4289e1b', N'1c4f1d66-7778-43e1-a1f1-779e5fcd4916', 1)
INSERT [dbo].[PromotionsItem] ([Id], [PromotionsId], [ProductItemsId], [Status]) VALUES (N'575cc5a9-45f9-4b47-99ca-624661de6da2', N'70139ebb-688c-4562-a39b-dc448a2ffc78', N'5e09ba7c-2bb2-432a-9788-70300f472f9f', 1)
INSERT [dbo].[PromotionsItem] ([Id], [PromotionsId], [ProductItemsId], [Status]) VALUES (N'e0cb008e-643f-4e89-a123-627090192442', N'70139ebb-688c-4562-a39b-dc448a2ffc78', N'fe1dc547-5158-43ed-a00c-afb8312d633f', 1)
INSERT [dbo].[PromotionsItem] ([Id], [PromotionsId], [ProductItemsId], [Status]) VALUES (N'aa89cb71-54d9-44c0-ae3f-62d196e48d64', N'70139ebb-688c-4562-a39b-dc448a2ffc78', N'9adf0166-d536-42ad-97c1-f7e231ed366b', 1)
INSERT [dbo].[PromotionsItem] ([Id], [PromotionsId], [ProductItemsId], [Status]) VALUES (N'c925c28f-ca64-4660-8ae0-639784d6f0ba', N'45a4088d-1918-4958-b378-259db11d9ff7', N'953560d4-719c-45e6-b14c-cd6b61d5d65b', 1)
INSERT [dbo].[PromotionsItem] ([Id], [PromotionsId], [ProductItemsId], [Status]) VALUES (N'45d968fc-a072-42cf-ac3a-63c5b9b5e96d', N'cf48fc6a-2319-48d4-9921-f6f2e4289e1b', N'f63a17b7-fecd-42ea-85c0-38c39787b379', 1)
INSERT [dbo].[PromotionsItem] ([Id], [PromotionsId], [ProductItemsId], [Status]) VALUES (N'8a291550-6c57-4ab7-beb0-64e9af4e36d9', N'cf48fc6a-2319-48d4-9921-f6f2e4289e1b', N'499ca648-a118-456f-9a6c-9aee5da016fa', 1)
INSERT [dbo].[PromotionsItem] ([Id], [PromotionsId], [ProductItemsId], [Status]) VALUES (N'0233a328-5fb8-40da-b752-6513a169f2c8', N'cf48fc6a-2319-48d4-9921-f6f2e4289e1b', N'89f06222-059f-4e5e-a313-2e361307f600', 1)
INSERT [dbo].[PromotionsItem] ([Id], [PromotionsId], [ProductItemsId], [Status]) VALUES (N'299185cf-701b-4a14-8a20-651863209074', N'cf48fc6a-2319-48d4-9921-f6f2e4289e1b', N'9bd839ce-012f-4d25-9720-3e59754a4ab1', 1)
INSERT [dbo].[PromotionsItem] ([Id], [PromotionsId], [ProductItemsId], [Status]) VALUES (N'7674fe7c-e038-43c2-ab45-6525ae4d703c', N'70139ebb-688c-4562-a39b-dc448a2ffc78', N'6e545d0e-89ad-495c-9909-40b4576a6ccc', 1)
INSERT [dbo].[PromotionsItem] ([Id], [PromotionsId], [ProductItemsId], [Status]) VALUES (N'443ef45b-4262-4b9e-8154-66741a34cefc', N'cf48fc6a-2319-48d4-9921-f6f2e4289e1b', N'5551decf-3424-4dc9-aa77-56658c76f83a', 1)
INSERT [dbo].[PromotionsItem] ([Id], [PromotionsId], [ProductItemsId], [Status]) VALUES (N'f5b34b85-e7a5-4614-924c-667d8f1128ac', N'45a4088d-1918-4958-b378-259db11d9ff7', N'8f6621f7-65ca-44ab-af76-9779850e0204', 1)
INSERT [dbo].[PromotionsItem] ([Id], [PromotionsId], [ProductItemsId], [Status]) VALUES (N'8a94b893-1c0f-4b01-b6e7-6855ba0eb378', N'5fdce528-926c-4559-85b8-aeeb993d43ba', N'aa920ac8-8391-4d2a-96fe-66f97cbda5e9', 1)
INSERT [dbo].[PromotionsItem] ([Id], [PromotionsId], [ProductItemsId], [Status]) VALUES (N'aa362ba9-f2fc-4648-bd6f-69064c24bb22', N'45a4088d-1918-4958-b378-259db11d9ff7', N'cde3febb-aa0e-4051-9b7f-3cc408dac9f9', 1)
INSERT [dbo].[PromotionsItem] ([Id], [PromotionsId], [ProductItemsId], [Status]) VALUES (N'f3d48e2b-5fc0-4bc7-986c-697a4dadc16b', N'5fdce528-926c-4559-85b8-aeeb993d43ba', N'49ce3d7b-9329-466e-8a69-0f6614729a6c', 1)
INSERT [dbo].[PromotionsItem] ([Id], [PromotionsId], [ProductItemsId], [Status]) VALUES (N'e5c153bd-bfa1-4f02-939a-69811f45641b', N'45a4088d-1918-4958-b378-259db11d9ff7', N'bae06b8e-457c-4404-9245-e78624917619', 1)
INSERT [dbo].[PromotionsItem] ([Id], [PromotionsId], [ProductItemsId], [Status]) VALUES (N'bf4af710-222c-4314-80cb-6a57b586689f', N'5fdce528-926c-4559-85b8-aeeb993d43ba', N'9cbaa506-e62d-4413-86e9-dfc07b5ee79e', 1)
INSERT [dbo].[PromotionsItem] ([Id], [PromotionsId], [ProductItemsId], [Status]) VALUES (N'6a39d947-6b0e-4739-a904-6b318486bbac', N'cf48fc6a-2319-48d4-9921-f6f2e4289e1b', N'a2f13f27-dc19-4d89-8900-13de5952d6ef', 1)
INSERT [dbo].[PromotionsItem] ([Id], [PromotionsId], [ProductItemsId], [Status]) VALUES (N'3d3bd12f-2759-411f-aa73-6c0f43b4b9d5', N'45a4088d-1918-4958-b378-259db11d9ff7', N'6ca953a7-1d2e-40d6-b6c9-ca3223ae7b41', 1)
INSERT [dbo].[PromotionsItem] ([Id], [PromotionsId], [ProductItemsId], [Status]) VALUES (N'd09d3a5d-e424-4716-9691-6d27d8e6581c', N'cf48fc6a-2319-48d4-9921-f6f2e4289e1b', N'997cea48-b24b-4800-9633-d79096d6d94c', 1)
INSERT [dbo].[PromotionsItem] ([Id], [PromotionsId], [ProductItemsId], [Status]) VALUES (N'b3d6a08e-5a99-4d3b-9839-6d937e20f439', N'70139ebb-688c-4562-a39b-dc448a2ffc78', N'a01a9094-0133-46b1-bb80-c4338414a652', 1)
INSERT [dbo].[PromotionsItem] ([Id], [PromotionsId], [ProductItemsId], [Status]) VALUES (N'129b94dd-e345-4f93-bd42-6d9badaf4019', N'5fdce528-926c-4559-85b8-aeeb993d43ba', N'020fafe0-ddb3-4816-bf74-6ca9deea75db', 1)
INSERT [dbo].[PromotionsItem] ([Id], [PromotionsId], [ProductItemsId], [Status]) VALUES (N'09a35c64-bbfa-4edd-bf80-6e6e4dc2c373', N'5fdce528-926c-4559-85b8-aeeb993d43ba', N'3fdd1e21-2d7f-4c0c-8f79-9ea410f7c890', 1)
INSERT [dbo].[PromotionsItem] ([Id], [PromotionsId], [ProductItemsId], [Status]) VALUES (N'4a1deba0-0fa7-4fe3-990f-70414192c0c9', N'fa7f9113-9e55-4bf4-ba2f-af5e85e256dc', N'bf4126c6-bae0-45b6-aa71-7040ef340a1c', 1)
INSERT [dbo].[PromotionsItem] ([Id], [PromotionsId], [ProductItemsId], [Status]) VALUES (N'cfde49db-5c8c-41ee-ad37-724c442bda03', N'cf48fc6a-2319-48d4-9921-f6f2e4289e1b', N'5281dffe-0018-4045-b378-44a5a009dfbf', 1)
INSERT [dbo].[PromotionsItem] ([Id], [PromotionsId], [ProductItemsId], [Status]) VALUES (N'98668a1e-dbf8-4223-803a-72e33a6f0c19', N'70139ebb-688c-4562-a39b-dc448a2ffc78', N'b4718e05-4804-4c37-b341-caa114f2a777', 1)
INSERT [dbo].[PromotionsItem] ([Id], [PromotionsId], [ProductItemsId], [Status]) VALUES (N'edebf5f0-508b-46bd-8f46-72f8f200fe18', N'cf48fc6a-2319-48d4-9921-f6f2e4289e1b', N'92d70700-9d81-41b7-9b34-874d04ee5248', 1)
INSERT [dbo].[PromotionsItem] ([Id], [PromotionsId], [ProductItemsId], [Status]) VALUES (N'78562af1-5375-4055-bc19-7302dcabc600', N'cf48fc6a-2319-48d4-9921-f6f2e4289e1b', N'00585e5f-1363-49b6-95c3-848ccc1832b1', 1)
INSERT [dbo].[PromotionsItem] ([Id], [PromotionsId], [ProductItemsId], [Status]) VALUES (N'bfe299f5-bc38-4eb1-8309-7338f63ec8e8', N'fa7f9113-9e55-4bf4-ba2f-af5e85e256dc', N'89b8a5b3-c28d-40b6-b488-a1fd666e09e0', 1)
INSERT [dbo].[PromotionsItem] ([Id], [PromotionsId], [ProductItemsId], [Status]) VALUES (N'5999ea20-0af2-4483-9c09-73a1d0f498a6', N'45a4088d-1918-4958-b378-259db11d9ff7', N'94084671-c276-4c08-a3b2-405a0a999c16', 1)
INSERT [dbo].[PromotionsItem] ([Id], [PromotionsId], [ProductItemsId], [Status]) VALUES (N'9ec61e49-748f-4eba-9711-73f0e3fdab84', N'cf48fc6a-2319-48d4-9921-f6f2e4289e1b', N'854a50b5-d061-43aa-9e9b-3fa556fb1169', 1)
INSERT [dbo].[PromotionsItem] ([Id], [PromotionsId], [ProductItemsId], [Status]) VALUES (N'86766f6c-74e6-4966-9483-745e44fd9286', N'cf48fc6a-2319-48d4-9921-f6f2e4289e1b', N'c30a0d74-4bbf-42da-875a-871966a6690b', 1)
INSERT [dbo].[PromotionsItem] ([Id], [PromotionsId], [ProductItemsId], [Status]) VALUES (N'fed5f600-1f74-4f41-a47f-74d45bf1f37c', N'5fdce528-926c-4559-85b8-aeeb993d43ba', N'533dbfbb-aa14-4f53-9e54-72591476e58d', 1)
INSERT [dbo].[PromotionsItem] ([Id], [PromotionsId], [ProductItemsId], [Status]) VALUES (N'ed952a97-5722-4460-adb0-750ea03cbfb1', N'45a4088d-1918-4958-b378-259db11d9ff7', N'58702e26-9517-4437-9eb5-5251143e1f77', 1)
INSERT [dbo].[PromotionsItem] ([Id], [PromotionsId], [ProductItemsId], [Status]) VALUES (N'3c00a9c2-fce2-4a45-bdb4-76251482b69c', N'cf48fc6a-2319-48d4-9921-f6f2e4289e1b', N'fa33f35b-d33c-4238-956f-e8b5a00ffd88', 1)
INSERT [dbo].[PromotionsItem] ([Id], [PromotionsId], [ProductItemsId], [Status]) VALUES (N'6d4288b0-ad60-4021-878d-769c51b2eeaa', N'cf48fc6a-2319-48d4-9921-f6f2e4289e1b', N'7e38ad9c-7572-435b-9a23-a8036c2d64eb', 1)
INSERT [dbo].[PromotionsItem] ([Id], [PromotionsId], [ProductItemsId], [Status]) VALUES (N'98118c82-3707-49f3-9fe0-76d32f284f3f', N'5fdce528-926c-4559-85b8-aeeb993d43ba', N'321de9dd-d4f7-4c93-985e-cf168553b264', 1)
INSERT [dbo].[PromotionsItem] ([Id], [PromotionsId], [ProductItemsId], [Status]) VALUES (N'52952be1-af0a-4e95-a0ae-777ced59f4af', N'70139ebb-688c-4562-a39b-dc448a2ffc78', N'5bde31c9-6d62-4138-bd56-7ee80852966a', 1)
INSERT [dbo].[PromotionsItem] ([Id], [PromotionsId], [ProductItemsId], [Status]) VALUES (N'9145ea3f-f3d2-4495-ae9e-7881ee6422a2', N'cf48fc6a-2319-48d4-9921-f6f2e4289e1b', N'0db934f1-516e-41f7-a8c8-e33bdbd9667e', 1)
INSERT [dbo].[PromotionsItem] ([Id], [PromotionsId], [ProductItemsId], [Status]) VALUES (N'3ce72b86-b029-4f3c-aa58-7994972053da', N'cf48fc6a-2319-48d4-9921-f6f2e4289e1b', N'8e4d4e1f-91dc-45d6-90d0-83ef66a91d51', 1)
GO
INSERT [dbo].[PromotionsItem] ([Id], [PromotionsId], [ProductItemsId], [Status]) VALUES (N'6b2d61c3-2fef-4f57-a2b5-7a3189bd86ee', N'fa7f9113-9e55-4bf4-ba2f-af5e85e256dc', N'f0725eb1-7285-472a-a8b6-fa5588f9607c', 1)
INSERT [dbo].[PromotionsItem] ([Id], [PromotionsId], [ProductItemsId], [Status]) VALUES (N'fb2e01a7-f2e0-4845-8d99-7a67ae477678', N'cf48fc6a-2319-48d4-9921-f6f2e4289e1b', N'5250aa1c-62fe-4597-865c-7e6203475cdd', 1)
INSERT [dbo].[PromotionsItem] ([Id], [PromotionsId], [ProductItemsId], [Status]) VALUES (N'd1a67081-b1b7-44bd-8bee-7b676b68a44b', N'45a4088d-1918-4958-b378-259db11d9ff7', N'71efdb82-1d37-4bd0-96c0-2cf2f857e25d', 1)
INSERT [dbo].[PromotionsItem] ([Id], [PromotionsId], [ProductItemsId], [Status]) VALUES (N'c280ef14-0650-4157-ad8c-7c61b0375490', N'70139ebb-688c-4562-a39b-dc448a2ffc78', N'd6f848f6-7009-4f7b-9cb2-60dff5460f89', 1)
INSERT [dbo].[PromotionsItem] ([Id], [PromotionsId], [ProductItemsId], [Status]) VALUES (N'b71cfdac-e5a8-4dc2-9b47-7d3800098334', N'5fdce528-926c-4559-85b8-aeeb993d43ba', N'503d3ec3-85f7-4623-8741-7d89668529a1', 1)
INSERT [dbo].[PromotionsItem] ([Id], [PromotionsId], [ProductItemsId], [Status]) VALUES (N'a7312e71-177d-42d4-8de3-7d3a856e5f09', N'cf48fc6a-2319-48d4-9921-f6f2e4289e1b', N'3a7233ee-15f8-4a51-a015-82fd965dd89d', 1)
INSERT [dbo].[PromotionsItem] ([Id], [PromotionsId], [ProductItemsId], [Status]) VALUES (N'ea1b7f71-e8e2-4cad-98b2-804058cc7b7c', N'5fdce528-926c-4559-85b8-aeeb993d43ba', N'401f5f62-740e-4c44-bb12-53c3c3732046', 1)
INSERT [dbo].[PromotionsItem] ([Id], [PromotionsId], [ProductItemsId], [Status]) VALUES (N'8797f48d-021c-46c6-964e-80568e22f4f5', N'5fdce528-926c-4559-85b8-aeeb993d43ba', N'c263324e-061a-4d7e-b3f6-2ebcf5368336', 1)
INSERT [dbo].[PromotionsItem] ([Id], [PromotionsId], [ProductItemsId], [Status]) VALUES (N'c8ddb500-6f70-4ecf-9abd-807bb4636bdd', N'cf48fc6a-2319-48d4-9921-f6f2e4289e1b', N'20f3171f-1be8-4f84-9da1-63443385702b', 1)
INSERT [dbo].[PromotionsItem] ([Id], [PromotionsId], [ProductItemsId], [Status]) VALUES (N'bcf1467a-3d5a-462f-b78b-80e36c0b9cfa', N'cf48fc6a-2319-48d4-9921-f6f2e4289e1b', N'c3440233-b4b8-4aa7-9e79-ed7e03e7b6b7', 1)
INSERT [dbo].[PromotionsItem] ([Id], [PromotionsId], [ProductItemsId], [Status]) VALUES (N'56e61d5c-f95c-4eb8-bf41-825b7f9e3e6c', N'5fdce528-926c-4559-85b8-aeeb993d43ba', N'ec19c263-ab19-44bf-a857-19f7e0aafe96', 1)
INSERT [dbo].[PromotionsItem] ([Id], [PromotionsId], [ProductItemsId], [Status]) VALUES (N'357bd99d-909a-4608-af83-8408e750d8be', N'70139ebb-688c-4562-a39b-dc448a2ffc78', N'ab64dfd9-eff9-4213-b265-2b170e7ef11c', 1)
INSERT [dbo].[PromotionsItem] ([Id], [PromotionsId], [ProductItemsId], [Status]) VALUES (N'c53782b2-ba98-463c-a1a9-8619e87e16ce', N'70139ebb-688c-4562-a39b-dc448a2ffc78', N'9840fd07-1493-452f-8182-31c4c1e840df', 1)
INSERT [dbo].[PromotionsItem] ([Id], [PromotionsId], [ProductItemsId], [Status]) VALUES (N'9f2f4b40-854c-477d-89b1-866d39664e57', N'70139ebb-688c-4562-a39b-dc448a2ffc78', N'be7aa0aa-47c2-4477-8434-272f9bde4c5e', 1)
INSERT [dbo].[PromotionsItem] ([Id], [PromotionsId], [ProductItemsId], [Status]) VALUES (N'9153fb41-b0ee-4f7a-9fb1-869ed518d7a4', N'cf48fc6a-2319-48d4-9921-f6f2e4289e1b', N'2a4c4bbb-bae1-49f1-9bfa-40ab3ab98ff1', 1)
INSERT [dbo].[PromotionsItem] ([Id], [PromotionsId], [ProductItemsId], [Status]) VALUES (N'3887aee2-d633-45e4-8352-86b52a83c43b', N'fa7f9113-9e55-4bf4-ba2f-af5e85e256dc', N'd13ae761-2ebf-4a3d-a19b-a1605a8d1a9b', 1)
INSERT [dbo].[PromotionsItem] ([Id], [PromotionsId], [ProductItemsId], [Status]) VALUES (N'e82d9e6b-3c14-450a-9fb5-86f94912416a', N'cf48fc6a-2319-48d4-9921-f6f2e4289e1b', N'7d2f7f6d-68cf-4454-93b5-0ff786c4e238', 1)
INSERT [dbo].[PromotionsItem] ([Id], [PromotionsId], [ProductItemsId], [Status]) VALUES (N'35ef61bb-54ba-4692-8b71-872d98ce3605', N'fa7f9113-9e55-4bf4-ba2f-af5e85e256dc', N'b553e5f9-de11-497e-9696-f4b3b3573879', 1)
INSERT [dbo].[PromotionsItem] ([Id], [PromotionsId], [ProductItemsId], [Status]) VALUES (N'a2a81a77-53e2-49ae-be55-88c684f1eac3', N'cf48fc6a-2319-48d4-9921-f6f2e4289e1b', N'7b2438b3-0718-4ade-b9d3-74c2a16b3fb3', 1)
INSERT [dbo].[PromotionsItem] ([Id], [PromotionsId], [ProductItemsId], [Status]) VALUES (N'e370a016-31bb-4fc9-a1aa-88decaa22036', N'45a4088d-1918-4958-b378-259db11d9ff7', N'ad20e317-6715-484e-9758-9d5c71dd7276', 1)
INSERT [dbo].[PromotionsItem] ([Id], [PromotionsId], [ProductItemsId], [Status]) VALUES (N'4111f3ac-d5e0-45e2-a4e4-8a06e7be9c23', N'cf48fc6a-2319-48d4-9921-f6f2e4289e1b', N'3086d930-f9a5-419e-95d7-beb198215c3b', 1)
INSERT [dbo].[PromotionsItem] ([Id], [PromotionsId], [ProductItemsId], [Status]) VALUES (N'91f258c6-256e-4380-ae9f-8a21d6d7756b', N'cf48fc6a-2319-48d4-9921-f6f2e4289e1b', N'37a9c79d-15af-4b86-8155-180742f275cf', 1)
INSERT [dbo].[PromotionsItem] ([Id], [PromotionsId], [ProductItemsId], [Status]) VALUES (N'a73e2b8c-dceb-4b95-9349-8a3a5a1b3c01', N'70139ebb-688c-4562-a39b-dc448a2ffc78', N'2512d728-0e08-47af-b9bc-c43a8a498e0c', 1)
INSERT [dbo].[PromotionsItem] ([Id], [PromotionsId], [ProductItemsId], [Status]) VALUES (N'1b455d49-4ee6-4b01-8030-8b8634cbe4d6', N'45a4088d-1918-4958-b378-259db11d9ff7', N'a1b918e6-4709-4b2a-ba0d-6589f47958c4', 1)
INSERT [dbo].[PromotionsItem] ([Id], [PromotionsId], [ProductItemsId], [Status]) VALUES (N'e0d332be-f723-48d4-a059-8c15ee83d981', N'fa7f9113-9e55-4bf4-ba2f-af5e85e256dc', N'dc3ed6f4-05cd-43c2-8d41-d09a7bc0c377', 1)
INSERT [dbo].[PromotionsItem] ([Id], [PromotionsId], [ProductItemsId], [Status]) VALUES (N'a898b180-a7d6-4247-8e5d-8c434157309a', N'fa7f9113-9e55-4bf4-ba2f-af5e85e256dc', N'e8f5c065-0d84-46bf-8630-379fe7505ef0', 1)
INSERT [dbo].[PromotionsItem] ([Id], [PromotionsId], [ProductItemsId], [Status]) VALUES (N'401ca76c-860e-473e-9d66-8c6923c97807', N'fa7f9113-9e55-4bf4-ba2f-af5e85e256dc', N'bf4ea431-4306-4ccf-a2fe-6454060cc766', 1)
INSERT [dbo].[PromotionsItem] ([Id], [PromotionsId], [ProductItemsId], [Status]) VALUES (N'ec42159e-9e35-463d-9b88-8cd82a83ad77', N'cf48fc6a-2319-48d4-9921-f6f2e4289e1b', N'e2e7baec-d001-4724-b4a3-955757b4c32f', 1)
INSERT [dbo].[PromotionsItem] ([Id], [PromotionsId], [ProductItemsId], [Status]) VALUES (N'fb67b088-0531-49bb-95fe-8e1a7a148335', N'5fdce528-926c-4559-85b8-aeeb993d43ba', N'92964413-a486-4c5c-8edf-c2ff2fe70632', 1)
INSERT [dbo].[PromotionsItem] ([Id], [PromotionsId], [ProductItemsId], [Status]) VALUES (N'4d3bc897-525f-43c7-a148-8ece80c204f6', N'5fdce528-926c-4559-85b8-aeeb993d43ba', N'7b452c71-7c8d-43af-a3f3-d685216e02b6', 1)
INSERT [dbo].[PromotionsItem] ([Id], [PromotionsId], [ProductItemsId], [Status]) VALUES (N'927f27e0-784c-4495-a1bf-8ee0dca509e3', N'cf48fc6a-2319-48d4-9921-f6f2e4289e1b', N'1b6dcbda-def9-40b0-b4d1-f96daa1662b1', 1)
INSERT [dbo].[PromotionsItem] ([Id], [PromotionsId], [ProductItemsId], [Status]) VALUES (N'c1cf0fa7-2db4-4715-af09-900957213e78', N'fa7f9113-9e55-4bf4-ba2f-af5e85e256dc', N'694ba4b1-4288-4b31-8cc4-66e2bcd05e71', 1)
INSERT [dbo].[PromotionsItem] ([Id], [PromotionsId], [ProductItemsId], [Status]) VALUES (N'e7606368-22db-43aa-8ff9-905f3439d9cc', N'fa7f9113-9e55-4bf4-ba2f-af5e85e256dc', N'7d1b03a9-6f4c-4863-b096-18e4e18f2d4c', 1)
INSERT [dbo].[PromotionsItem] ([Id], [PromotionsId], [ProductItemsId], [Status]) VALUES (N'8027613b-a185-4e0a-9644-91763d549ba6', N'cf48fc6a-2319-48d4-9921-f6f2e4289e1b', N'609ac6f1-73d1-4f23-95cf-520ecc25df42', 1)
INSERT [dbo].[PromotionsItem] ([Id], [PromotionsId], [ProductItemsId], [Status]) VALUES (N'd8fedfad-afc3-42ea-82b0-9195ed753880', N'cf48fc6a-2319-48d4-9921-f6f2e4289e1b', N'e17011fd-09e1-4bd6-ba41-2e5174dc5f1a', 1)
INSERT [dbo].[PromotionsItem] ([Id], [PromotionsId], [ProductItemsId], [Status]) VALUES (N'1bd078ee-39bc-4bd0-80d3-92e101e7e0f9', N'45a4088d-1918-4958-b378-259db11d9ff7', N'be1d8dde-e7e2-4d89-912b-f66fa4214465', 1)
INSERT [dbo].[PromotionsItem] ([Id], [PromotionsId], [ProductItemsId], [Status]) VALUES (N'adcba6d5-9f6a-4f8c-b8ab-92f120082e4d', N'cf48fc6a-2319-48d4-9921-f6f2e4289e1b', N'392931cd-13e2-4e65-8c16-6d9bb6315ab6', 1)
INSERT [dbo].[PromotionsItem] ([Id], [PromotionsId], [ProductItemsId], [Status]) VALUES (N'a008a5a3-005b-4d7e-9082-93787c962a09', N'45a4088d-1918-4958-b378-259db11d9ff7', N'a2f8f40e-e3eb-41e8-b1cc-35b3b0c6bbec', 1)
INSERT [dbo].[PromotionsItem] ([Id], [PromotionsId], [ProductItemsId], [Status]) VALUES (N'bb19a604-c464-441f-a58a-947bcc2bf8a8', N'cf48fc6a-2319-48d4-9921-f6f2e4289e1b', N'2b9daf68-2105-4639-9f77-b86fa35dd292', 1)
INSERT [dbo].[PromotionsItem] ([Id], [PromotionsId], [ProductItemsId], [Status]) VALUES (N'98315508-515b-4298-8813-948194caadc6', N'cf48fc6a-2319-48d4-9921-f6f2e4289e1b', N'caad3bae-eac2-4fe2-88bb-f78daa9fe421', 1)
INSERT [dbo].[PromotionsItem] ([Id], [PromotionsId], [ProductItemsId], [Status]) VALUES (N'928949b0-3296-4aef-8be3-94c6998f65d9', N'cf48fc6a-2319-48d4-9921-f6f2e4289e1b', N'7b3c24aa-4156-4121-9370-f67469292e74', 1)
INSERT [dbo].[PromotionsItem] ([Id], [PromotionsId], [ProductItemsId], [Status]) VALUES (N'243db2d2-0165-41ed-85db-96085c2ab0b0', N'70139ebb-688c-4562-a39b-dc448a2ffc78', N'2a48a92f-f568-47c3-aa45-ce78817ae8ce', 1)
INSERT [dbo].[PromotionsItem] ([Id], [PromotionsId], [ProductItemsId], [Status]) VALUES (N'07161c8e-75fe-469b-a090-96164d1a7943', N'cf48fc6a-2319-48d4-9921-f6f2e4289e1b', N'ea65d886-93e6-4bf7-ba69-3ca28e4d3f9a', 1)
INSERT [dbo].[PromotionsItem] ([Id], [PromotionsId], [ProductItemsId], [Status]) VALUES (N'438c7b9f-28f5-4534-8c4a-977d6e242932', N'cf48fc6a-2319-48d4-9921-f6f2e4289e1b', N'4d71c6c3-4b8d-4a50-a439-1cbdd981e83c', 1)
INSERT [dbo].[PromotionsItem] ([Id], [PromotionsId], [ProductItemsId], [Status]) VALUES (N'0363d85b-7b22-4e7d-b1a6-98323a16c1e2', N'5fdce528-926c-4559-85b8-aeeb993d43ba', N'3b838e4a-3c1a-4125-a6d1-560c2e62eccf', 1)
INSERT [dbo].[PromotionsItem] ([Id], [PromotionsId], [ProductItemsId], [Status]) VALUES (N'3444c870-a367-403c-9bd5-9acf089eb89e', N'70139ebb-688c-4562-a39b-dc448a2ffc78', N'f8b53443-6fa8-4089-867e-04c0c14cd86d', 1)
INSERT [dbo].[PromotionsItem] ([Id], [PromotionsId], [ProductItemsId], [Status]) VALUES (N'9a7b6c5e-0a39-4f88-9350-9aedcd9d0e67', N'5fdce528-926c-4559-85b8-aeeb993d43ba', N'd935106c-0612-4df5-b68c-a21a72cb3bbb', 1)
INSERT [dbo].[PromotionsItem] ([Id], [PromotionsId], [ProductItemsId], [Status]) VALUES (N'2cd983ec-c403-471e-b4a9-9bd2d2517618', N'cf48fc6a-2319-48d4-9921-f6f2e4289e1b', N'e15fa4c8-07a4-4f51-993b-4b8ff3e9d021', 1)
INSERT [dbo].[PromotionsItem] ([Id], [PromotionsId], [ProductItemsId], [Status]) VALUES (N'86fb20f8-73eb-4e76-86f9-9c58927f7da1', N'cf48fc6a-2319-48d4-9921-f6f2e4289e1b', N'429150a5-5af0-4aab-99f8-a7732680de20', 1)
INSERT [dbo].[PromotionsItem] ([Id], [PromotionsId], [ProductItemsId], [Status]) VALUES (N'780b7180-07cb-45e4-a167-9d8aca135a08', N'cf48fc6a-2319-48d4-9921-f6f2e4289e1b', N'9ceab39e-063d-458d-893b-1a7a723d3365', 1)
INSERT [dbo].[PromotionsItem] ([Id], [PromotionsId], [ProductItemsId], [Status]) VALUES (N'89b5b8aa-e157-4525-9f74-9e14a0e6f337', N'cf48fc6a-2319-48d4-9921-f6f2e4289e1b', N'f6b22c38-673c-44be-963d-d1cf3c1536d5', 1)
INSERT [dbo].[PromotionsItem] ([Id], [PromotionsId], [ProductItemsId], [Status]) VALUES (N'49b1a624-16fe-4173-b7fe-9e76791baf72', N'cf48fc6a-2319-48d4-9921-f6f2e4289e1b', N'734a58e9-a73e-4abb-865d-64f29d467087', 1)
INSERT [dbo].[PromotionsItem] ([Id], [PromotionsId], [ProductItemsId], [Status]) VALUES (N'edd6b47f-6b27-46a0-99de-a0b7f8bf94be', N'45a4088d-1918-4958-b378-259db11d9ff7', N'218daa80-ee92-4ffb-85c8-0ed02f99367f', 1)
INSERT [dbo].[PromotionsItem] ([Id], [PromotionsId], [ProductItemsId], [Status]) VALUES (N'752627cd-c391-4842-aba4-a0cee6d64ce0', N'cf48fc6a-2319-48d4-9921-f6f2e4289e1b', N'229a366c-0adc-4417-9a04-ea7aa0369694', 1)
INSERT [dbo].[PromotionsItem] ([Id], [PromotionsId], [ProductItemsId], [Status]) VALUES (N'a13375ec-f9a0-4cc6-9413-a13f3d7d0f9b', N'70139ebb-688c-4562-a39b-dc448a2ffc78', N'ddeaa11f-2218-4925-a170-ba45a9c01d12', 1)
INSERT [dbo].[PromotionsItem] ([Id], [PromotionsId], [ProductItemsId], [Status]) VALUES (N'51f0d312-63e6-4a95-bcc8-a1dc366a181b', N'cf48fc6a-2319-48d4-9921-f6f2e4289e1b', N'29e200d2-536c-49e1-b4a2-31ea24e0c3c5', 1)
INSERT [dbo].[PromotionsItem] ([Id], [PromotionsId], [ProductItemsId], [Status]) VALUES (N'748b83b7-8aa8-46b7-b4d5-a2e6cba5c042', N'45a4088d-1918-4958-b378-259db11d9ff7', N'0885ee4f-7044-4c43-ba2d-12c8804e5674', 1)
INSERT [dbo].[PromotionsItem] ([Id], [PromotionsId], [ProductItemsId], [Status]) VALUES (N'88e4c210-ad79-48b3-9dc9-a33621fbb07f', N'cf48fc6a-2319-48d4-9921-f6f2e4289e1b', N'0f41998e-0d75-4e4c-b980-92fda39c2885', 1)
INSERT [dbo].[PromotionsItem] ([Id], [PromotionsId], [ProductItemsId], [Status]) VALUES (N'29236921-efee-459a-aa05-a389c1c8d705', N'cf48fc6a-2319-48d4-9921-f6f2e4289e1b', N'6c6c7e6a-7a30-445a-bda0-18cb82784c69', 1)
INSERT [dbo].[PromotionsItem] ([Id], [PromotionsId], [ProductItemsId], [Status]) VALUES (N'7aa81edd-c888-459e-bffc-a3dc220e13f3', N'5fdce528-926c-4559-85b8-aeeb993d43ba', N'a1a9d09c-0419-4827-91f5-8c8e39366a1f', 1)
INSERT [dbo].[PromotionsItem] ([Id], [PromotionsId], [ProductItemsId], [Status]) VALUES (N'f5a66689-a631-4969-bb8c-a49f3cbe1411', N'70139ebb-688c-4562-a39b-dc448a2ffc78', N'acb3aa4f-1ba2-4f47-9dca-03ec19a0de36', 1)
INSERT [dbo].[PromotionsItem] ([Id], [PromotionsId], [ProductItemsId], [Status]) VALUES (N'f49690e9-d432-47f8-bd9c-a624155e6786', N'45a4088d-1918-4958-b378-259db11d9ff7', N'870cd5f8-9dd6-428d-894e-f644dc367eda', 1)
INSERT [dbo].[PromotionsItem] ([Id], [PromotionsId], [ProductItemsId], [Status]) VALUES (N'535d9036-37f8-40ac-a619-a631ac1e8955', N'cf48fc6a-2319-48d4-9921-f6f2e4289e1b', N'4781f307-c936-4674-9590-dbcf5a504667', 1)
INSERT [dbo].[PromotionsItem] ([Id], [PromotionsId], [ProductItemsId], [Status]) VALUES (N'08cce5c6-85c2-4abd-b65f-a6993add55b8', N'5fdce528-926c-4559-85b8-aeeb993d43ba', N'93cadb0b-b5ca-40cc-8830-1954a0f1c8a7', 1)
INSERT [dbo].[PromotionsItem] ([Id], [PromotionsId], [ProductItemsId], [Status]) VALUES (N'1a73c48d-6930-4543-bbee-a6d6ee40f841', N'cf48fc6a-2319-48d4-9921-f6f2e4289e1b', N'8a9e445b-3833-4cea-9870-e4708a8f083c', 1)
INSERT [dbo].[PromotionsItem] ([Id], [PromotionsId], [ProductItemsId], [Status]) VALUES (N'38a4ba07-fd86-4c64-b5e7-a7a00e8821c4', N'fa7f9113-9e55-4bf4-ba2f-af5e85e256dc', N'6aa82f7e-3c9c-4e7d-8728-10350d7914b4', 1)
INSERT [dbo].[PromotionsItem] ([Id], [PromotionsId], [ProductItemsId], [Status]) VALUES (N'17ed695e-c26f-4586-a0c5-a7b85c40997c', N'cf48fc6a-2319-48d4-9921-f6f2e4289e1b', N'e222fffb-c59f-44d0-8832-b8f08bd9b116', 1)
INSERT [dbo].[PromotionsItem] ([Id], [PromotionsId], [ProductItemsId], [Status]) VALUES (N'4f595215-a4d7-4d6b-8531-a955b25b4e8f', N'cf48fc6a-2319-48d4-9921-f6f2e4289e1b', N'27ee4b55-f7d2-4e33-9410-0a90057b505c', 1)
INSERT [dbo].[PromotionsItem] ([Id], [PromotionsId], [ProductItemsId], [Status]) VALUES (N'd48c59ee-3599-45cb-a38f-aa197ce845a4', N'5fdce528-926c-4559-85b8-aeeb993d43ba', N'192c0950-cc52-4c26-af24-63c98e409063', 1)
INSERT [dbo].[PromotionsItem] ([Id], [PromotionsId], [ProductItemsId], [Status]) VALUES (N'70fbc634-a369-4677-b22f-aa55e1d0ad6b', N'70139ebb-688c-4562-a39b-dc448a2ffc78', N'11d093bd-c6b6-42cf-8f05-17e984da820a', 1)
INSERT [dbo].[PromotionsItem] ([Id], [PromotionsId], [ProductItemsId], [Status]) VALUES (N'9c80141c-9152-4ec4-aa1e-aac461549aed', N'cf48fc6a-2319-48d4-9921-f6f2e4289e1b', N'991a8fe1-485c-43b1-8395-a54fb92f0d44', 1)
INSERT [dbo].[PromotionsItem] ([Id], [PromotionsId], [ProductItemsId], [Status]) VALUES (N'6d16ce3f-c329-42b1-9b1c-ab77912a964d', N'5fdce528-926c-4559-85b8-aeeb993d43ba', N'8f0dc0a9-a99b-410c-98b6-83352f58d6fb', 1)
INSERT [dbo].[PromotionsItem] ([Id], [PromotionsId], [ProductItemsId], [Status]) VALUES (N'f7e2eecc-4650-48f9-a707-ab82c587155c', N'cf48fc6a-2319-48d4-9921-f6f2e4289e1b', N'db7438f7-c6fa-4038-b055-3f500d9192d4', 1)
INSERT [dbo].[PromotionsItem] ([Id], [PromotionsId], [ProductItemsId], [Status]) VALUES (N'095c19f1-73ef-4f0f-8ddd-abf62c7798b7', N'fa7f9113-9e55-4bf4-ba2f-af5e85e256dc', N'72c884ce-2996-4887-9f36-1831bb3d9612', 1)
INSERT [dbo].[PromotionsItem] ([Id], [PromotionsId], [ProductItemsId], [Status]) VALUES (N'dc1c15fe-59b6-4e23-b483-ac485b899c6c', N'5fdce528-926c-4559-85b8-aeeb993d43ba', N'24fec1c8-7b20-4459-9708-6fa0f475a48d', 1)
INSERT [dbo].[PromotionsItem] ([Id], [PromotionsId], [ProductItemsId], [Status]) VALUES (N'367b0d71-c538-488f-acfc-acdc2b6451d4', N'cf48fc6a-2319-48d4-9921-f6f2e4289e1b', N'a1d34856-0f89-48a6-915c-e9515a4cb403', 1)
INSERT [dbo].[PromotionsItem] ([Id], [PromotionsId], [ProductItemsId], [Status]) VALUES (N'0a33efb5-2c0f-4af8-a2d9-ad79551088f5', N'cf48fc6a-2319-48d4-9921-f6f2e4289e1b', N'29e89697-ffad-40e4-a655-62dc84791a01', 1)
INSERT [dbo].[PromotionsItem] ([Id], [PromotionsId], [ProductItemsId], [Status]) VALUES (N'7ee8c35a-0908-4c20-8607-ae8a4c252566', N'70139ebb-688c-4562-a39b-dc448a2ffc78', N'11118926-7e2a-458e-84cc-8b0fd3b5a65d', 1)
INSERT [dbo].[PromotionsItem] ([Id], [PromotionsId], [ProductItemsId], [Status]) VALUES (N'fff8edf1-a0d5-4286-99d0-aea3e0f14823', N'cf48fc6a-2319-48d4-9921-f6f2e4289e1b', N'0fc738f0-483b-4910-90f3-75fd2a2e3bac', 1)
INSERT [dbo].[PromotionsItem] ([Id], [PromotionsId], [ProductItemsId], [Status]) VALUES (N'4320b237-14c6-4ca8-a154-aec459207807', N'70139ebb-688c-4562-a39b-dc448a2ffc78', N'26176d2a-fd91-4f93-85b1-c4a664eb418f', 1)
INSERT [dbo].[PromotionsItem] ([Id], [PromotionsId], [ProductItemsId], [Status]) VALUES (N'2e5a7bbc-aab3-41e0-85cb-af2ccb1547e3', N'70139ebb-688c-4562-a39b-dc448a2ffc78', N'57597c65-ba68-4e4a-a787-b6ebc4bd5117', 1)
INSERT [dbo].[PromotionsItem] ([Id], [PromotionsId], [ProductItemsId], [Status]) VALUES (N'963d2a62-4532-467f-a6c1-b02c16c14f21', N'cf48fc6a-2319-48d4-9921-f6f2e4289e1b', N'1bd22337-9cf2-49a3-a938-31259669ab7a', 1)
INSERT [dbo].[PromotionsItem] ([Id], [PromotionsId], [ProductItemsId], [Status]) VALUES (N'6adab291-2816-4030-89c2-b046ca03ce4f', N'cf48fc6a-2319-48d4-9921-f6f2e4289e1b', N'7db1c232-eda6-4a41-96fe-30174e2dff58', 1)
INSERT [dbo].[PromotionsItem] ([Id], [PromotionsId], [ProductItemsId], [Status]) VALUES (N'1819b42c-4fd3-478e-9760-b15197d8a8b3', N'cf48fc6a-2319-48d4-9921-f6f2e4289e1b', N'd8388d63-1385-4a13-95b1-eecd2d83948a', 1)
INSERT [dbo].[PromotionsItem] ([Id], [PromotionsId], [ProductItemsId], [Status]) VALUES (N'2d1ef5d1-460a-48e6-bca4-b197d00d108d', N'70139ebb-688c-4562-a39b-dc448a2ffc78', N'a5a05922-c329-4b50-a0d7-7c12cdc2690b', 1)
INSERT [dbo].[PromotionsItem] ([Id], [PromotionsId], [ProductItemsId], [Status]) VALUES (N'5d2bf6e1-78f3-45f4-b560-b2029966d16e', N'cf48fc6a-2319-48d4-9921-f6f2e4289e1b', N'f88b54dc-a671-4633-88a5-9fc55202b00d', 1)
INSERT [dbo].[PromotionsItem] ([Id], [PromotionsId], [ProductItemsId], [Status]) VALUES (N'81a56038-ca15-42bf-af78-b2d1511fb2f9', N'5fdce528-926c-4559-85b8-aeeb993d43ba', N'5fbf6658-73c3-48cb-ab84-b74f62f25daa', 1)
INSERT [dbo].[PromotionsItem] ([Id], [PromotionsId], [ProductItemsId], [Status]) VALUES (N'51104125-e78e-4de1-b117-b307793d0992', N'cf48fc6a-2319-48d4-9921-f6f2e4289e1b', N'7a302467-24d7-4b37-a747-dbe2734c06a6', 1)
INSERT [dbo].[PromotionsItem] ([Id], [PromotionsId], [ProductItemsId], [Status]) VALUES (N'69176448-3eb4-4db8-8b56-b344893a4b76', N'70139ebb-688c-4562-a39b-dc448a2ffc78', N'abafcb82-7473-49ce-8899-72a96ab6e261', 1)
INSERT [dbo].[PromotionsItem] ([Id], [PromotionsId], [ProductItemsId], [Status]) VALUES (N'efaf93cd-c2a6-47c9-80e2-b3b7f04ff307', N'70139ebb-688c-4562-a39b-dc448a2ffc78', N'fcc2b923-8e6d-469e-a30c-fda4cb0b9a2b', 1)
INSERT [dbo].[PromotionsItem] ([Id], [PromotionsId], [ProductItemsId], [Status]) VALUES (N'afbd4749-2be3-479f-9dbe-b49519571345', N'45a4088d-1918-4958-b378-259db11d9ff7', N'56d26e67-36ca-4f0f-b411-e96573d76b44', 1)
INSERT [dbo].[PromotionsItem] ([Id], [PromotionsId], [ProductItemsId], [Status]) VALUES (N'7c0ca5f1-a709-435e-8b35-b4b73b817352', N'45a4088d-1918-4958-b378-259db11d9ff7', N'9210148d-9ffc-4198-87c9-7f37bc97de45', 1)
INSERT [dbo].[PromotionsItem] ([Id], [PromotionsId], [ProductItemsId], [Status]) VALUES (N'2aad5b78-aabb-40ee-be2b-b583abb8541a', N'45a4088d-1918-4958-b378-259db11d9ff7', N'd89cb7bd-8dee-4c11-9c31-775a29db6bc0', 1)
INSERT [dbo].[PromotionsItem] ([Id], [PromotionsId], [ProductItemsId], [Status]) VALUES (N'45f8c060-c8ff-452d-8bec-b5ade29aa5b6', N'fa7f9113-9e55-4bf4-ba2f-af5e85e256dc', N'e376dc83-90b5-4b83-96a7-1a1cc238b6c4', 1)
INSERT [dbo].[PromotionsItem] ([Id], [PromotionsId], [ProductItemsId], [Status]) VALUES (N'4a9e95db-d370-4b31-88da-b5e8108c233b', N'cf48fc6a-2319-48d4-9921-f6f2e4289e1b', N'b7bffd4a-9a67-45f8-85b8-916b95c2cceb', 1)
INSERT [dbo].[PromotionsItem] ([Id], [PromotionsId], [ProductItemsId], [Status]) VALUES (N'c0e20afb-afa9-42ff-9c53-b61e004242b3', N'45a4088d-1918-4958-b378-259db11d9ff7', N'2a447516-9558-47b8-98b1-a9ad3ba4a2aa', 1)
INSERT [dbo].[PromotionsItem] ([Id], [PromotionsId], [ProductItemsId], [Status]) VALUES (N'697aff22-c625-41fc-83ce-b645a9d1591c', N'cf48fc6a-2319-48d4-9921-f6f2e4289e1b', N'c0bf2408-f442-45c4-9f3f-5cecfa4e4fe9', 1)
INSERT [dbo].[PromotionsItem] ([Id], [PromotionsId], [ProductItemsId], [Status]) VALUES (N'bd1a1893-1d8e-4166-a3d0-b686cee52228', N'45a4088d-1918-4958-b378-259db11d9ff7', N'7368dc4f-c7e3-438a-8875-ebf93fa43193', 1)
INSERT [dbo].[PromotionsItem] ([Id], [PromotionsId], [ProductItemsId], [Status]) VALUES (N'd0743685-bc0f-493e-b7ee-b76b90b13b3f', N'fa7f9113-9e55-4bf4-ba2f-af5e85e256dc', N'007e7eaf-7b71-460a-9a06-aec98e1ad0a2', 1)
INSERT [dbo].[PromotionsItem] ([Id], [PromotionsId], [ProductItemsId], [Status]) VALUES (N'bd80af7c-1b45-4f8d-a393-b7df86cea43a', N'70139ebb-688c-4562-a39b-dc448a2ffc78', N'5972b784-8a92-4570-ace4-e1357e5e3071', 1)
GO
INSERT [dbo].[PromotionsItem] ([Id], [PromotionsId], [ProductItemsId], [Status]) VALUES (N'ace5516f-74ff-495a-baa4-b8323de61701', N'cf48fc6a-2319-48d4-9921-f6f2e4289e1b', N'6ddcf0cc-d2e5-44e7-ac59-701c96fe6751', 1)
INSERT [dbo].[PromotionsItem] ([Id], [PromotionsId], [ProductItemsId], [Status]) VALUES (N'dc547629-35c3-4c89-9b2a-b9e2f168911d', N'45a4088d-1918-4958-b378-259db11d9ff7', N'56af16eb-7908-4be8-b51c-3385a6ebc0c7', 1)
INSERT [dbo].[PromotionsItem] ([Id], [PromotionsId], [ProductItemsId], [Status]) VALUES (N'34e64fda-59a5-458f-be9a-ba3bdd555864', N'45a4088d-1918-4958-b378-259db11d9ff7', N'35d50fa3-239b-486d-bd86-a20e95baa50b', 1)
INSERT [dbo].[PromotionsItem] ([Id], [PromotionsId], [ProductItemsId], [Status]) VALUES (N'e04e4737-9333-46d5-b19c-ba801c306863', N'cf48fc6a-2319-48d4-9921-f6f2e4289e1b', N'63e1306f-11d3-414f-a5c3-348a6320299a', 1)
INSERT [dbo].[PromotionsItem] ([Id], [PromotionsId], [ProductItemsId], [Status]) VALUES (N'd127945f-e83e-4b9e-b639-baf69220cc5b', N'cf48fc6a-2319-48d4-9921-f6f2e4289e1b', N'e0e97509-0728-4bdc-9c1e-74a2b514764b', 1)
INSERT [dbo].[PromotionsItem] ([Id], [PromotionsId], [ProductItemsId], [Status]) VALUES (N'd462c2fb-7504-4c80-bc89-bb3c21eae2d7', N'cf48fc6a-2319-48d4-9921-f6f2e4289e1b', N'3f023b23-5525-4754-872c-7237e1e4985d', 1)
INSERT [dbo].[PromotionsItem] ([Id], [PromotionsId], [ProductItemsId], [Status]) VALUES (N'92883597-47b4-475f-aa8c-bd4fe081bb37', N'45a4088d-1918-4958-b378-259db11d9ff7', N'6880b307-d5da-4c93-b74b-73bcad8702e9', 1)
INSERT [dbo].[PromotionsItem] ([Id], [PromotionsId], [ProductItemsId], [Status]) VALUES (N'f02f6a54-92cf-4de3-9793-bdef0263e28c', N'cf48fc6a-2319-48d4-9921-f6f2e4289e1b', N'a292bf38-051c-43a0-bd4a-2cc6efcdc96a', 1)
INSERT [dbo].[PromotionsItem] ([Id], [PromotionsId], [ProductItemsId], [Status]) VALUES (N'd7c024b9-7c4f-450a-8210-bf414ecaf9cd', N'cf48fc6a-2319-48d4-9921-f6f2e4289e1b', N'e8e69ec9-080d-43d0-a370-30dcb33004ce', 1)
INSERT [dbo].[PromotionsItem] ([Id], [PromotionsId], [ProductItemsId], [Status]) VALUES (N'ff6bd92e-5bc4-4d76-9827-c04955c2d6df', N'cf48fc6a-2319-48d4-9921-f6f2e4289e1b', N'0b041dce-89af-43be-a41a-e45125918a8f', 1)
INSERT [dbo].[PromotionsItem] ([Id], [PromotionsId], [ProductItemsId], [Status]) VALUES (N'1d7d4888-c61a-477e-a3f8-c17b3eab5f20', N'45a4088d-1918-4958-b378-259db11d9ff7', N'a7dc9cd3-b221-4798-be8e-b6c1f2c1c6f8', 1)
INSERT [dbo].[PromotionsItem] ([Id], [PromotionsId], [ProductItemsId], [Status]) VALUES (N'1ad7483f-a7b3-423d-b99b-c27365bf3ac2', N'cf48fc6a-2319-48d4-9921-f6f2e4289e1b', N'728811aa-6c76-4acc-be3f-400dfd31b01e', 1)
INSERT [dbo].[PromotionsItem] ([Id], [PromotionsId], [ProductItemsId], [Status]) VALUES (N'ce371b62-59f1-41d3-a6d8-c365356a08a0', N'70139ebb-688c-4562-a39b-dc448a2ffc78', N'c2fa48a8-389c-4c54-a417-92e51286b8b4', 1)
INSERT [dbo].[PromotionsItem] ([Id], [PromotionsId], [ProductItemsId], [Status]) VALUES (N'26f9e987-f655-49ca-910a-c44c20d6ce5a', N'cf48fc6a-2319-48d4-9921-f6f2e4289e1b', N'6187426c-85da-409d-bb03-ee5fe265001f', 1)
INSERT [dbo].[PromotionsItem] ([Id], [PromotionsId], [ProductItemsId], [Status]) VALUES (N'33df366c-9fa4-4f4c-a1f3-c47e6771f56e', N'5fdce528-926c-4559-85b8-aeeb993d43ba', N'a5844b58-777f-4a68-bc39-f5867f3df7d7', 1)
INSERT [dbo].[PromotionsItem] ([Id], [PromotionsId], [ProductItemsId], [Status]) VALUES (N'9440b391-6437-4f69-828f-c4c27d30a2e8', N'5fdce528-926c-4559-85b8-aeeb993d43ba', N'0a95fa01-07b0-452d-9dc0-9138fa349e36', 1)
INSERT [dbo].[PromotionsItem] ([Id], [PromotionsId], [ProductItemsId], [Status]) VALUES (N'839d6364-5b9e-4720-a53a-c4ff64a56e9f', N'70139ebb-688c-4562-a39b-dc448a2ffc78', N'087f6b47-0134-44bf-a170-48ee0af2e72f', 1)
INSERT [dbo].[PromotionsItem] ([Id], [PromotionsId], [ProductItemsId], [Status]) VALUES (N'efe322cc-235c-4419-b26b-c504e7be7281', N'5fdce528-926c-4559-85b8-aeeb993d43ba', N'92a8082f-d7a6-45ef-b4f5-bd5e78c87f5d', 1)
INSERT [dbo].[PromotionsItem] ([Id], [PromotionsId], [ProductItemsId], [Status]) VALUES (N'97aa393e-4d18-433d-b8ca-c52b38427054', N'5fdce528-926c-4559-85b8-aeeb993d43ba', N'65dbc6ce-911f-4c27-8fa1-c1b43ca60fe8', 1)
INSERT [dbo].[PromotionsItem] ([Id], [PromotionsId], [ProductItemsId], [Status]) VALUES (N'485cc609-9cfd-4d03-a1f9-c52d6acb86f3', N'cf48fc6a-2319-48d4-9921-f6f2e4289e1b', N'edd833bb-9931-4a0f-9acf-bad6ef0dae24', 1)
INSERT [dbo].[PromotionsItem] ([Id], [PromotionsId], [ProductItemsId], [Status]) VALUES (N'789d23a8-0585-43ae-948d-c608e7184535', N'5fdce528-926c-4559-85b8-aeeb993d43ba', N'007b75af-d34f-4e82-96f4-371376c72134', 1)
INSERT [dbo].[PromotionsItem] ([Id], [PromotionsId], [ProductItemsId], [Status]) VALUES (N'86874a02-b6c5-45a6-a6ac-c6d8a980c794', N'cf48fc6a-2319-48d4-9921-f6f2e4289e1b', N'f8b98bab-59c7-40ca-b021-530518e15e6f', 1)
INSERT [dbo].[PromotionsItem] ([Id], [PromotionsId], [ProductItemsId], [Status]) VALUES (N'bb86d43d-334d-47e2-8750-c6eed8d7fd63', N'5fdce528-926c-4559-85b8-aeeb993d43ba', N'753ea246-7886-467c-9a82-b642f3b9d196', 1)
INSERT [dbo].[PromotionsItem] ([Id], [PromotionsId], [ProductItemsId], [Status]) VALUES (N'52ca46c4-0bb2-4755-b2dd-c74a14050d0d', N'cf48fc6a-2319-48d4-9921-f6f2e4289e1b', N'493a834d-4aa6-4765-86fa-b573582ef8fd', 1)
INSERT [dbo].[PromotionsItem] ([Id], [PromotionsId], [ProductItemsId], [Status]) VALUES (N'35229d61-938d-40f6-aaf8-c7b748b3df84', N'cf48fc6a-2319-48d4-9921-f6f2e4289e1b', N'5bbad78c-c891-4224-8d6e-d43023480f97', 1)
INSERT [dbo].[PromotionsItem] ([Id], [PromotionsId], [ProductItemsId], [Status]) VALUES (N'2746c6b5-2877-4f2f-8e3d-c910cd5273ce', N'cf48fc6a-2319-48d4-9921-f6f2e4289e1b', N'520a19d6-bdd8-4362-ac7a-56d81855051d', 1)
INSERT [dbo].[PromotionsItem] ([Id], [PromotionsId], [ProductItemsId], [Status]) VALUES (N'9430063c-9a69-4082-8fea-c9af92a7668d', N'5fdce528-926c-4559-85b8-aeeb993d43ba', N'ccc92661-1a91-4a64-9ff4-82e31f3cde0f', 1)
INSERT [dbo].[PromotionsItem] ([Id], [PromotionsId], [ProductItemsId], [Status]) VALUES (N'0102906e-3c2c-4d7f-949a-ca8208db0df4', N'45a4088d-1918-4958-b378-259db11d9ff7', N'bb87ebbf-7c5a-4a88-b179-ba4ef7d25716', 1)
INSERT [dbo].[PromotionsItem] ([Id], [PromotionsId], [ProductItemsId], [Status]) VALUES (N'4be2ee7c-f48d-48e9-aeca-caa9f2794e39', N'70139ebb-688c-4562-a39b-dc448a2ffc78', N'e228738c-952b-42a4-9b13-03836a422869', 1)
INSERT [dbo].[PromotionsItem] ([Id], [PromotionsId], [ProductItemsId], [Status]) VALUES (N'6cd78838-6d9e-409f-8304-cb6fb16bc381', N'cf48fc6a-2319-48d4-9921-f6f2e4289e1b', N'78f1f1ec-d2dd-4e4d-b79a-bb98171440ac', 1)
INSERT [dbo].[PromotionsItem] ([Id], [PromotionsId], [ProductItemsId], [Status]) VALUES (N'2e3f3054-f31b-4519-bcca-cc2ef0a27123', N'70139ebb-688c-4562-a39b-dc448a2ffc78', N'cefa9c7e-0e44-4703-8a57-010b8dfde027', 1)
INSERT [dbo].[PromotionsItem] ([Id], [PromotionsId], [ProductItemsId], [Status]) VALUES (N'd97fe420-0568-4128-bbbf-cd962bed3b99', N'cf48fc6a-2319-48d4-9921-f6f2e4289e1b', N'6a75530d-dc5d-48d3-a49e-7b7ce3e79e82', 1)
INSERT [dbo].[PromotionsItem] ([Id], [PromotionsId], [ProductItemsId], [Status]) VALUES (N'7cdbd199-aeea-4d11-91d9-cde4a448a728', N'70139ebb-688c-4562-a39b-dc448a2ffc78', N'779e44f2-f0c9-48de-8834-d2d37046f070', 1)
INSERT [dbo].[PromotionsItem] ([Id], [PromotionsId], [ProductItemsId], [Status]) VALUES (N'5d5777ec-a939-4be9-901f-cfe3524c2127', N'cf48fc6a-2319-48d4-9921-f6f2e4289e1b', N'6eae94bc-d57e-49fd-9adb-c85b254f6d9c', 1)
INSERT [dbo].[PromotionsItem] ([Id], [PromotionsId], [ProductItemsId], [Status]) VALUES (N'd9cd5e0b-93c9-4953-aea0-d0f89f53d04a', N'fa7f9113-9e55-4bf4-ba2f-af5e85e256dc', N'd8b61ac8-4b58-47fb-9a66-e0a6b955ab38', 1)
INSERT [dbo].[PromotionsItem] ([Id], [PromotionsId], [ProductItemsId], [Status]) VALUES (N'94312ec8-95c1-434a-a8fd-d121a0591ea6', N'cf48fc6a-2319-48d4-9921-f6f2e4289e1b', N'b642d2fa-08ce-44a1-8128-79aadfbffb0f', 1)
INSERT [dbo].[PromotionsItem] ([Id], [PromotionsId], [ProductItemsId], [Status]) VALUES (N'b9d1d339-e253-4452-a4f2-d1e3c12793ed', N'fa7f9113-9e55-4bf4-ba2f-af5e85e256dc', N'c32b2eb1-ea44-4ba0-9b1c-cf94296b671a', 1)
INSERT [dbo].[PromotionsItem] ([Id], [PromotionsId], [ProductItemsId], [Status]) VALUES (N'ed18703e-f9ce-4576-a83a-d1ed0e490e0f', N'45a4088d-1918-4958-b378-259db11d9ff7', N'1b7bf899-689d-4dbb-9b14-d383b75214a2', 1)
INSERT [dbo].[PromotionsItem] ([Id], [PromotionsId], [ProductItemsId], [Status]) VALUES (N'e704d760-b833-4be3-8c12-d36d91317d91', N'70139ebb-688c-4562-a39b-dc448a2ffc78', N'5b2cbcf7-cacf-4a74-bda8-d6b58ba6cbe6', 1)
INSERT [dbo].[PromotionsItem] ([Id], [PromotionsId], [ProductItemsId], [Status]) VALUES (N'a9660363-7a9b-4e53-a293-d3c23134e47d', N'cf48fc6a-2319-48d4-9921-f6f2e4289e1b', N'52283d1f-0209-499e-b1d7-b802fddf5121', 1)
INSERT [dbo].[PromotionsItem] ([Id], [PromotionsId], [ProductItemsId], [Status]) VALUES (N'aa760cb6-1af1-4ebd-8e0c-d4999d952eb9', N'cf48fc6a-2319-48d4-9921-f6f2e4289e1b', N'5d1acfbe-9de6-4d4a-9250-ed9cae962fd5', 1)
INSERT [dbo].[PromotionsItem] ([Id], [PromotionsId], [ProductItemsId], [Status]) VALUES (N'c0bd3645-4175-4f64-965d-d4a3a92aee11', N'cf48fc6a-2319-48d4-9921-f6f2e4289e1b', N'fa618ada-5fbd-4cf1-b904-25bf2414a100', 1)
INSERT [dbo].[PromotionsItem] ([Id], [PromotionsId], [ProductItemsId], [Status]) VALUES (N'd8fc3c6a-f45f-47d2-b51c-d5602fd99f0f', N'cf48fc6a-2319-48d4-9921-f6f2e4289e1b', N'076baedd-2d10-4caf-a7fd-0d6ca93c5d36', 1)
INSERT [dbo].[PromotionsItem] ([Id], [PromotionsId], [ProductItemsId], [Status]) VALUES (N'3fd3ae8f-e9d3-4a85-b485-d5d88cb7e460', N'cf48fc6a-2319-48d4-9921-f6f2e4289e1b', N'c63bfa41-2ddc-494d-a620-c3b1e0331182', 1)
INSERT [dbo].[PromotionsItem] ([Id], [PromotionsId], [ProductItemsId], [Status]) VALUES (N'95aac5ba-b689-47cf-8d29-d6b37e6779f9', N'cf48fc6a-2319-48d4-9921-f6f2e4289e1b', N'7d029c90-0371-4afe-be16-4dacec2afe28', 1)
INSERT [dbo].[PromotionsItem] ([Id], [PromotionsId], [ProductItemsId], [Status]) VALUES (N'65cf14b7-11f5-4fc6-bf00-d7222d18f173', N'5fdce528-926c-4559-85b8-aeeb993d43ba', N'cdec63d2-d6ff-44ef-9ced-f6a9629c6ecd', 1)
INSERT [dbo].[PromotionsItem] ([Id], [PromotionsId], [ProductItemsId], [Status]) VALUES (N'bfca764e-d860-4bb8-b1ab-d8500208bdf5', N'45a4088d-1918-4958-b378-259db11d9ff7', N'68fb5967-c69d-4777-bb3b-840da440e852', 1)
INSERT [dbo].[PromotionsItem] ([Id], [PromotionsId], [ProductItemsId], [Status]) VALUES (N'169a7328-9e9f-43d2-ac55-d8e71dc4e120', N'5fdce528-926c-4559-85b8-aeeb993d43ba', N'70149dbe-4c9f-48ff-a8cf-207c55f3bc11', 1)
INSERT [dbo].[PromotionsItem] ([Id], [PromotionsId], [ProductItemsId], [Status]) VALUES (N'55f33ef5-ccd5-4114-8ebc-d9b4affb069a', N'cf48fc6a-2319-48d4-9921-f6f2e4289e1b', N'ae082ccf-89ec-405e-b60e-e8416c025d41', 1)
INSERT [dbo].[PromotionsItem] ([Id], [PromotionsId], [ProductItemsId], [Status]) VALUES (N'9d7ffc43-a224-4d44-8a17-dad56cb96cd6', N'cf48fc6a-2319-48d4-9921-f6f2e4289e1b', N'9f0c64b7-385a-4bca-b5f0-20888a5888ee', 1)
INSERT [dbo].[PromotionsItem] ([Id], [PromotionsId], [ProductItemsId], [Status]) VALUES (N'06fb4c82-4db9-47ec-a23e-db29ef4dda82', N'cf48fc6a-2319-48d4-9921-f6f2e4289e1b', N'6dc549cf-7b7c-428f-9122-472d672b1bf8', 1)
INSERT [dbo].[PromotionsItem] ([Id], [PromotionsId], [ProductItemsId], [Status]) VALUES (N'79d9317b-b603-42ec-acb0-dc7896b8af95', N'fa7f9113-9e55-4bf4-ba2f-af5e85e256dc', N'0dc45717-b97a-42b1-b720-f15a7af7fb7a', 1)
INSERT [dbo].[PromotionsItem] ([Id], [PromotionsId], [ProductItemsId], [Status]) VALUES (N'251f9f97-e593-487d-9a16-dd273497aded', N'cf48fc6a-2319-48d4-9921-f6f2e4289e1b', N'fc03903e-c715-4a11-8df6-9c094348842d', 1)
INSERT [dbo].[PromotionsItem] ([Id], [PromotionsId], [ProductItemsId], [Status]) VALUES (N'b8567c29-2c06-44f5-a512-ddee6eb031c3', N'cf48fc6a-2319-48d4-9921-f6f2e4289e1b', N'0b74a9d6-c208-4cac-9418-168a7d08a7d0', 1)
INSERT [dbo].[PromotionsItem] ([Id], [PromotionsId], [ProductItemsId], [Status]) VALUES (N'66d2e6fc-2f56-4a41-b518-de05607e5f5b', N'cf48fc6a-2319-48d4-9921-f6f2e4289e1b', N'0803cfa1-65b9-4371-8db4-95984302f7a0', 1)
INSERT [dbo].[PromotionsItem] ([Id], [PromotionsId], [ProductItemsId], [Status]) VALUES (N'26d25da9-100a-43e6-bb0b-deddf1792a6e', N'5fdce528-926c-4559-85b8-aeeb993d43ba', N'296f7f55-5c54-42c7-ba98-d68a4ce34821', 1)
INSERT [dbo].[PromotionsItem] ([Id], [PromotionsId], [ProductItemsId], [Status]) VALUES (N'6e94272b-3b07-4b5e-bded-e1b783bb1a45', N'cf48fc6a-2319-48d4-9921-f6f2e4289e1b', N'357fb416-6226-4369-add4-14a26668a022', 1)
INSERT [dbo].[PromotionsItem] ([Id], [PromotionsId], [ProductItemsId], [Status]) VALUES (N'61566d3e-4cd3-4f74-b2b7-e29927223de1', N'cf48fc6a-2319-48d4-9921-f6f2e4289e1b', N'8b6bfe63-80d5-4144-bc0c-d13aa1ad6bca', 1)
INSERT [dbo].[PromotionsItem] ([Id], [PromotionsId], [ProductItemsId], [Status]) VALUES (N'17d106ad-0cb4-4f08-a5aa-e343898c07a9', N'5fdce528-926c-4559-85b8-aeeb993d43ba', N'4fb4a7cc-d2d3-4451-953d-08f69783133d', 1)
INSERT [dbo].[PromotionsItem] ([Id], [PromotionsId], [ProductItemsId], [Status]) VALUES (N'f60d4e34-ffcf-4487-b2dc-e37bb80b077c', N'cf48fc6a-2319-48d4-9921-f6f2e4289e1b', N'cdd2fea8-6f72-42f1-af62-268b1fe1fd43', 1)
INSERT [dbo].[PromotionsItem] ([Id], [PromotionsId], [ProductItemsId], [Status]) VALUES (N'16fd2a01-2ded-4274-be06-e4969981b78e', N'45a4088d-1918-4958-b378-259db11d9ff7', N'7b255677-7537-4a88-a885-3213703d98cf', 1)
INSERT [dbo].[PromotionsItem] ([Id], [PromotionsId], [ProductItemsId], [Status]) VALUES (N'7f1ccab8-f8ab-4ebf-91e3-e4d5dc6d5166', N'cf48fc6a-2319-48d4-9921-f6f2e4289e1b', N'202d1fe8-ffa4-4e2a-9588-f8dbf67f4857', 1)
INSERT [dbo].[PromotionsItem] ([Id], [PromotionsId], [ProductItemsId], [Status]) VALUES (N'd1516045-8362-4166-bf6b-e50577ac04ca', N'45a4088d-1918-4958-b378-259db11d9ff7', N'f732ccfa-3dd2-49e1-a522-c179f1589c44', 1)
INSERT [dbo].[PromotionsItem] ([Id], [PromotionsId], [ProductItemsId], [Status]) VALUES (N'8beb3c73-6835-4a58-bfc1-e5fb23769ffa', N'cf48fc6a-2319-48d4-9921-f6f2e4289e1b', N'c0e55c48-2572-4311-91d2-eaba02ad1d34', 1)
INSERT [dbo].[PromotionsItem] ([Id], [PromotionsId], [ProductItemsId], [Status]) VALUES (N'175d1530-796b-4c38-9180-e663119c4cfd', N'cf48fc6a-2319-48d4-9921-f6f2e4289e1b', N'52e73486-c0fa-498a-9339-b90d9f58e674', 1)
INSERT [dbo].[PromotionsItem] ([Id], [PromotionsId], [ProductItemsId], [Status]) VALUES (N'fad09002-c45b-489c-9535-e68232d30585', N'45a4088d-1918-4958-b378-259db11d9ff7', N'a9137841-c184-41b0-bb79-e81ecdcd861e', 1)
INSERT [dbo].[PromotionsItem] ([Id], [PromotionsId], [ProductItemsId], [Status]) VALUES (N'ec5fc4b4-6050-45b8-9da0-e6c802a0d7cf', N'5fdce528-926c-4559-85b8-aeeb993d43ba', N'ed11b731-fc89-4a25-8dde-a5c52f769c0f', 1)
INSERT [dbo].[PromotionsItem] ([Id], [PromotionsId], [ProductItemsId], [Status]) VALUES (N'cacd57b9-2736-4ac6-9100-ea0c4d916f84', N'cf48fc6a-2319-48d4-9921-f6f2e4289e1b', N'16af3ac3-6d11-46ae-902b-096bb53c6a5e', 1)
INSERT [dbo].[PromotionsItem] ([Id], [PromotionsId], [ProductItemsId], [Status]) VALUES (N'4bcf4b59-58a2-436c-9e0e-eab80fd49662', N'cf48fc6a-2319-48d4-9921-f6f2e4289e1b', N'b814bd8b-f621-452c-814b-50289b1fa5e3', 1)
INSERT [dbo].[PromotionsItem] ([Id], [PromotionsId], [ProductItemsId], [Status]) VALUES (N'171ca9ae-52fb-46af-abc2-ead761f6e8a2', N'5fdce528-926c-4559-85b8-aeeb993d43ba', N'0041bd29-0503-48e0-a626-4dadf2affb0b', 1)
INSERT [dbo].[PromotionsItem] ([Id], [PromotionsId], [ProductItemsId], [Status]) VALUES (N'f091304a-cfef-49e9-b817-eb17a399f5fc', N'cf48fc6a-2319-48d4-9921-f6f2e4289e1b', N'2404bb7a-7021-4920-8a66-d3e9efe8d2a7', 1)
INSERT [dbo].[PromotionsItem] ([Id], [PromotionsId], [ProductItemsId], [Status]) VALUES (N'853a4e53-cc2d-4161-b1df-eb581f1aa85d', N'70139ebb-688c-4562-a39b-dc448a2ffc78', N'd53dd74b-d2f8-4a66-a35d-0f2bbb23c34c', 1)
INSERT [dbo].[PromotionsItem] ([Id], [PromotionsId], [ProductItemsId], [Status]) VALUES (N'db247959-bb89-47b2-bad8-eb9fbf22f921', N'70139ebb-688c-4562-a39b-dc448a2ffc78', N'e561167a-d1c1-4efc-a258-b60076f6dde2', 1)
INSERT [dbo].[PromotionsItem] ([Id], [PromotionsId], [ProductItemsId], [Status]) VALUES (N'f3c78e15-9d6e-4b96-b663-ec468c445905', N'5fdce528-926c-4559-85b8-aeeb993d43ba', N'4a99f883-53f1-4c12-8277-a41a6e9489bf', 1)
INSERT [dbo].[PromotionsItem] ([Id], [PromotionsId], [ProductItemsId], [Status]) VALUES (N'69ed4541-2bfa-4b08-80cd-ee3b8bcefa9b', N'cf48fc6a-2319-48d4-9921-f6f2e4289e1b', N'4da1bac3-588c-40e9-9daa-374bd28dc416', 1)
INSERT [dbo].[PromotionsItem] ([Id], [PromotionsId], [ProductItemsId], [Status]) VALUES (N'85e52432-6f44-42e6-9c5c-ef50058986ee', N'70139ebb-688c-4562-a39b-dc448a2ffc78', N'07240dcb-792c-4de4-9781-6688b892d11c', 1)
INSERT [dbo].[PromotionsItem] ([Id], [PromotionsId], [ProductItemsId], [Status]) VALUES (N'8d8c2311-90b4-46a9-b5da-f016c76aa169', N'45a4088d-1918-4958-b378-259db11d9ff7', N'6a2d4ec7-758b-4eda-92bd-0e926a764945', 1)
INSERT [dbo].[PromotionsItem] ([Id], [PromotionsId], [ProductItemsId], [Status]) VALUES (N'bd7fd3eb-369f-4a57-a9d8-f0baf4b9795d', N'5fdce528-926c-4559-85b8-aeeb993d43ba', N'54b7dd45-3fcb-4360-aff1-237b3b3128cd', 1)
INSERT [dbo].[PromotionsItem] ([Id], [PromotionsId], [ProductItemsId], [Status]) VALUES (N'b39f072f-6cc8-44d4-ab08-f162c48dc169', N'70139ebb-688c-4562-a39b-dc448a2ffc78', N'48fa691c-8839-409c-9cfc-948398e71ef0', 1)
INSERT [dbo].[PromotionsItem] ([Id], [PromotionsId], [ProductItemsId], [Status]) VALUES (N'50f1a8cd-8b86-48da-a58f-f1b21d130fc6', N'70139ebb-688c-4562-a39b-dc448a2ffc78', N'7ff4bcd0-9f49-4deb-b836-4ba0ebd30c04', 1)
INSERT [dbo].[PromotionsItem] ([Id], [PromotionsId], [ProductItemsId], [Status]) VALUES (N'24eb0f76-600f-45cd-bf33-f1c12ea81b83', N'5fdce528-926c-4559-85b8-aeeb993d43ba', N'5b8609e6-f8e5-4dcf-a4b8-52b2eb4e2d60', 1)
INSERT [dbo].[PromotionsItem] ([Id], [PromotionsId], [ProductItemsId], [Status]) VALUES (N'541eb831-2d12-4276-b7f4-f20a5b5464ba', N'cf48fc6a-2319-48d4-9921-f6f2e4289e1b', N'2f91ee77-3593-4c01-8ace-d7802e9763cb', 1)
INSERT [dbo].[PromotionsItem] ([Id], [PromotionsId], [ProductItemsId], [Status]) VALUES (N'7bb35c7e-bffa-44e1-8490-f23398444b1c', N'cf48fc6a-2319-48d4-9921-f6f2e4289e1b', N'cc28e066-0930-4b8c-8946-b4eb1b964cb2', 1)
INSERT [dbo].[PromotionsItem] ([Id], [PromotionsId], [ProductItemsId], [Status]) VALUES (N'a782e57e-a363-4755-890a-f291e0cb0373', N'5fdce528-926c-4559-85b8-aeeb993d43ba', N'8cf46e32-657c-4c2d-a6b3-51a4590fca20', 1)
INSERT [dbo].[PromotionsItem] ([Id], [PromotionsId], [ProductItemsId], [Status]) VALUES (N'3c4f8d05-cc03-47e8-b044-f3396194ad2c', N'70139ebb-688c-4562-a39b-dc448a2ffc78', N'b8b276ef-93a1-4e69-97b7-d656154a2d66', 1)
INSERT [dbo].[PromotionsItem] ([Id], [PromotionsId], [ProductItemsId], [Status]) VALUES (N'c143e2e0-1352-4ac4-b948-f33a13a2894e', N'cf48fc6a-2319-48d4-9921-f6f2e4289e1b', N'4ff145fc-fa1f-4fb3-bb19-ae651b8907b5', 1)
INSERT [dbo].[PromotionsItem] ([Id], [PromotionsId], [ProductItemsId], [Status]) VALUES (N'78b825b0-6b92-4ad0-b607-f5d484e05011', N'5fdce528-926c-4559-85b8-aeeb993d43ba', N'da6a040a-b82f-4cc0-bbee-52aee76e52d0', 1)
INSERT [dbo].[PromotionsItem] ([Id], [PromotionsId], [ProductItemsId], [Status]) VALUES (N'f768d3ba-b47e-47d0-93c1-f5d4aafabdea', N'70139ebb-688c-4562-a39b-dc448a2ffc78', N'340292ee-40b8-49eb-8d47-5e521c3df604', 1)
INSERT [dbo].[PromotionsItem] ([Id], [PromotionsId], [ProductItemsId], [Status]) VALUES (N'65825b6f-6b6d-4320-8d7c-f65934b422b9', N'cf48fc6a-2319-48d4-9921-f6f2e4289e1b', N'7b6bbb94-cbc2-47ce-bc39-3508fa098791', 1)
INSERT [dbo].[PromotionsItem] ([Id], [PromotionsId], [ProductItemsId], [Status]) VALUES (N'6eaeb93b-6f0a-4f7d-831b-f6b794d5b1e6', N'cf48fc6a-2319-48d4-9921-f6f2e4289e1b', N'b812c5ac-05e0-48a3-8969-6054744ef3c0', 1)
INSERT [dbo].[PromotionsItem] ([Id], [PromotionsId], [ProductItemsId], [Status]) VALUES (N'657bee3e-db46-494c-9249-f88585743b41', N'70139ebb-688c-4562-a39b-dc448a2ffc78', N'0eabe967-41f1-42af-9550-a3de2aa9ce01', 1)
INSERT [dbo].[PromotionsItem] ([Id], [PromotionsId], [ProductItemsId], [Status]) VALUES (N'3e24ac75-bdf8-43af-a3ae-f967bf3797d3', N'45a4088d-1918-4958-b378-259db11d9ff7', N'e8dbb0cd-c7c1-4b83-a725-5d5bbecb8132', 1)
INSERT [dbo].[PromotionsItem] ([Id], [PromotionsId], [ProductItemsId], [Status]) VALUES (N'53d5e939-0aa5-4270-9567-f9cdc4a4af83', N'45a4088d-1918-4958-b378-259db11d9ff7', N'dd634415-4758-4e01-9401-20e148681866', 1)
INSERT [dbo].[PromotionsItem] ([Id], [PromotionsId], [ProductItemsId], [Status]) VALUES (N'05be1dd5-16ed-4181-89ed-f9db1009b985', N'cf48fc6a-2319-48d4-9921-f6f2e4289e1b', N'eed8de4a-5eff-4604-a0d0-9e3acd4e2bb6', 1)
INSERT [dbo].[PromotionsItem] ([Id], [PromotionsId], [ProductItemsId], [Status]) VALUES (N'f0ffeda6-f786-4000-b714-fa0972e7f7bb', N'cf48fc6a-2319-48d4-9921-f6f2e4289e1b', N'91970662-bbf0-47bc-b1af-670ffa4c7629', 1)
INSERT [dbo].[PromotionsItem] ([Id], [PromotionsId], [ProductItemsId], [Status]) VALUES (N'5bed6bdf-a160-46e5-b9cf-fa452df8016e', N'cf48fc6a-2319-48d4-9921-f6f2e4289e1b', N'be1d075b-6c08-4717-995a-37a772f8b638', 1)
INSERT [dbo].[PromotionsItem] ([Id], [PromotionsId], [ProductItemsId], [Status]) VALUES (N'9aa600b8-5e59-404c-8106-fc193163d597', N'70139ebb-688c-4562-a39b-dc448a2ffc78', N'8c7c870e-d650-45ba-9107-72c0724df6f7', 1)
INSERT [dbo].[PromotionsItem] ([Id], [PromotionsId], [ProductItemsId], [Status]) VALUES (N'20f05cf2-286a-449c-96a9-fc1f1210d8dc', N'cf48fc6a-2319-48d4-9921-f6f2e4289e1b', N'1ddd69f9-bb26-4f97-ada0-c749c5a863e9', 1)
INSERT [dbo].[PromotionsItem] ([Id], [PromotionsId], [ProductItemsId], [Status]) VALUES (N'f0bf2b33-0133-43ee-acdc-fc3eb79cfd30', N'cf48fc6a-2319-48d4-9921-f6f2e4289e1b', N'8ce4e427-c7ab-4f67-ba95-378cf509b988', 1)
INSERT [dbo].[PromotionsItem] ([Id], [PromotionsId], [ProductItemsId], [Status]) VALUES (N'961ccafb-91a2-4884-aa59-fd42c76ce563', N'cf48fc6a-2319-48d4-9921-f6f2e4289e1b', N'68e069dd-1259-46db-a1ee-b6b0a3dfa5ea', 1)
GO
INSERT [dbo].[PromotionsItem] ([Id], [PromotionsId], [ProductItemsId], [Status]) VALUES (N'5c1f296c-7a2a-4675-a541-fd71b36a5fbd', N'45a4088d-1918-4958-b378-259db11d9ff7', N'96876713-8c3a-4db1-a72c-5220c715b81b', 1)
INSERT [dbo].[PromotionsItem] ([Id], [PromotionsId], [ProductItemsId], [Status]) VALUES (N'6483e6f7-53a8-468c-a685-fe8671656a44', N'70139ebb-688c-4562-a39b-dc448a2ffc78', N'09e036dd-2e4f-469d-ac67-b0e22b877762', 1)
INSERT [dbo].[PromotionsItem] ([Id], [PromotionsId], [ProductItemsId], [Status]) VALUES (N'968e4ce2-f54a-4bec-81fc-ff299b6e42c4', N'cf48fc6a-2319-48d4-9921-f6f2e4289e1b', N'3119b16b-cbc4-4d83-b3d0-37846539c4cd', 1)
INSERT [dbo].[PromotionsItem] ([Id], [PromotionsId], [ProductItemsId], [Status]) VALUES (N'b5b801bc-b656-41b0-a999-ff6488c2d152', N'45a4088d-1918-4958-b378-259db11d9ff7', N'f1a2ddaf-9905-48c7-82d9-f4f8f02d43b1', 1)
GO
INSERT [dbo].[Bills] ([Id], [UserId], [CreateDate], [TotalAmount], [Note], [Status], [DiaChiCuThe], [Huyen], [SDTNhan], [TenNguoiNhan], [Tinh], [Xa], [BillCode], [CompletionDate], [ConfirmationDate], [PhuongThucTT], [PhiShip]) VALUES (N'635f9a3b-28cf-4a56-b25c-0344f351e0a4', N'861a5ad4-5890-46bf-95a5-fc85ae80367d', CAST(N'2023-11-17T02:14:56.5280239' AS DateTime2), 1030000, N'Không có ghi chú', 2, N'Số nhà 1', N'Quận Bắc Từ Liêm', N'0367180646', N'Thắng', N'Hà Nội', N'Phường Minh Khai', N'B11172023.4', NULL, NULL, N'Thanh toán khi nhận hàng (COD)', 30000)
INSERT [dbo].[Bills] ([Id], [UserId], [CreateDate], [TotalAmount], [Note], [Status], [DiaChiCuThe], [Huyen], [SDTNhan], [TenNguoiNhan], [Tinh], [Xa], [BillCode], [CompletionDate], [ConfirmationDate], [PhuongThucTT], [PhiShip]) VALUES (N'c0e94c6e-5b90-4395-b2ee-0a23600297cf', N'861a5ad4-5890-46bf-95a5-fc85ae80367d', CAST(N'2023-11-15T22:43:34.6356270' AS DateTime2), 750000, N'Không có ghi chú', 0, N'Số nhà 1', N'Quận Bắc Từ Liêm', N'0367180646', N'Thắng', N'Hà Nội', N'Phường Minh Khai', N'B11152023.27', NULL, NULL, N'Thanh toán khi nhận hàng (COD)', 0)
INSERT [dbo].[Bills] ([Id], [UserId], [CreateDate], [TotalAmount], [Note], [Status], [DiaChiCuThe], [Huyen], [SDTNhan], [TenNguoiNhan], [Tinh], [Xa], [BillCode], [CompletionDate], [ConfirmationDate], [PhuongThucTT], [PhiShip]) VALUES (N'fcd72755-ac57-4aef-8da0-393260ab409f', N'861a5ad4-5890-46bf-95a5-fc85ae80367d', CAST(N'2023-11-17T02:14:11.4376735' AS DateTime2), 1030000, N'Không có ghi chú', 2, N'Số nhà 1', N'Quận Bắc Từ Liêm', N'0367180646', N'Thắng', N'Hà Nội', N'Phường Minh Khai', N'B11172023.1', NULL, NULL, N'Thanh toán khi nhận hàng (COD)', 30000)
INSERT [dbo].[Bills] ([Id], [UserId], [CreateDate], [TotalAmount], [Note], [Status], [DiaChiCuThe], [Huyen], [SDTNhan], [TenNguoiNhan], [Tinh], [Xa], [BillCode], [CompletionDate], [ConfirmationDate], [PhuongThucTT], [PhiShip]) VALUES (N'aa4445cd-fdb2-42ab-a553-64249cb17c29', N'861a5ad4-5890-46bf-95a5-fc85ae80367d', CAST(N'2023-11-17T02:14:25.4412503' AS DateTime2), 1030000, N'Không có ghi chú', 0, N'Số nhà 1', N'Quận Bắc Từ Liêm', N'0367180646', N'Thắng', N'Hà Nội', N'Phường Minh Khai', N'B11172023.2', NULL, NULL, N'Thanh toán khi nhận hàng (COD)', 30000)
INSERT [dbo].[Bills] ([Id], [UserId], [CreateDate], [TotalAmount], [Note], [Status], [DiaChiCuThe], [Huyen], [SDTNhan], [TenNguoiNhan], [Tinh], [Xa], [BillCode], [CompletionDate], [ConfirmationDate], [PhuongThucTT], [PhiShip]) VALUES (N'86200529-a918-415a-a4d4-70e6297efe42', N'861a5ad4-5890-46bf-95a5-fc85ae80367d', CAST(N'2023-11-15T01:34:12.6855232' AS DateTime2), 2500000, N'Không có ghi chú', 1, N'Số nhà 1', N'Quận Bắc Từ Liêm', N'0367180646', N'Thắng', N'Hà Nội', N'Phường Minh Khai', N'B11152023.26', NULL, NULL, N'Thanh toán khi nhận hàng (COD)', 0)
INSERT [dbo].[Bills] ([Id], [UserId], [CreateDate], [TotalAmount], [Note], [Status], [DiaChiCuThe], [Huyen], [SDTNhan], [TenNguoiNhan], [Tinh], [Xa], [BillCode], [CompletionDate], [ConfirmationDate], [PhuongThucTT], [PhiShip]) VALUES (N'57fd0e52-03d6-49e2-8425-877123fe2605', N'861a5ad4-5890-46bf-95a5-fc85ae80367d', CAST(N'2023-11-17T02:15:14.4879174' AS DateTime2), 1780000, N'Không có ghi chú', 1, N'Số nhà 1', N'Quận Bắc Từ Liêm', N'0367180646', N'Thắng', N'Hà Nội', N'Phường Minh Khai', N'B11172023.5', NULL, NULL, N'Thanh toán khi nhận hàng (COD)', 30000)
INSERT [dbo].[Bills] ([Id], [UserId], [CreateDate], [TotalAmount], [Note], [Status], [DiaChiCuThe], [Huyen], [SDTNhan], [TenNguoiNhan], [Tinh], [Xa], [BillCode], [CompletionDate], [ConfirmationDate], [PhuongThucTT], [PhiShip]) VALUES (N'd5289235-246d-4d89-ab15-8cff49d5b463', N'861a5ad4-5890-46bf-95a5-fc85ae80367d', CAST(N'2023-11-15T01:10:51.7378482' AS DateTime2), 250000, N'Không có ghi chú', 2, N'Số nhà 1', N'Quận Bắc Từ Liêm', N'0367180646', N'Thắng', N'Hà Nội', N'Phường Minh Khai', N'B11152023.16', NULL, NULL, N'Thanh toán khi nhận hàng (COD)', 0)
INSERT [dbo].[Bills] ([Id], [UserId], [CreateDate], [TotalAmount], [Note], [Status], [DiaChiCuThe], [Huyen], [SDTNhan], [TenNguoiNhan], [Tinh], [Xa], [BillCode], [CompletionDate], [ConfirmationDate], [PhuongThucTT], [PhiShip]) VALUES (N'b72daf8a-fcbd-47fb-8b92-8f371de69b12', N'861a5ad4-5890-46bf-95a5-fc85ae80367d', CAST(N'2023-11-15T01:07:38.3941997' AS DateTime2), 500000, N'Không có ghi chú', 3, N'Số nhà 1', N'Quận Bắc Từ Liêm', N'0367180646', N'Thắng', N'Hà Nội', N'Phường Minh Khai', N'B11152023.15', NULL, NULL, N'Thanh toán khi nhận hàng (COD)', 0)
INSERT [dbo].[Bills] ([Id], [UserId], [CreateDate], [TotalAmount], [Note], [Status], [DiaChiCuThe], [Huyen], [SDTNhan], [TenNguoiNhan], [Tinh], [Xa], [BillCode], [CompletionDate], [ConfirmationDate], [PhuongThucTT], [PhiShip]) VALUES (N'88252ff3-bf21-43ea-8300-9a64ad593f41', N'861a5ad4-5890-46bf-95a5-fc85ae80367d', CAST(N'2023-11-15T22:44:02.2266690' AS DateTime2), 1500000, N'Không có ghi chú', 3, N'Số nhà 1', N'Quận Bắc Từ Liêm', N'0367180646', N'Thắng', N'Hà Nội', N'Phường Minh Khai', N'B11152023.29', NULL, NULL, N'Thanh toán khi nhận hàng (COD)', 0)
INSERT [dbo].[Bills] ([Id], [UserId], [CreateDate], [TotalAmount], [Note], [Status], [DiaChiCuThe], [Huyen], [SDTNhan], [TenNguoiNhan], [Tinh], [Xa], [BillCode], [CompletionDate], [ConfirmationDate], [PhuongThucTT], [PhiShip]) VALUES (N'471c185f-d013-4305-a0b4-9e9b96f2543b', N'861a5ad4-5890-46bf-95a5-fc85ae80367d', CAST(N'2023-11-15T01:22:12.5761691' AS DateTime2), 500000, N'Không có ghi chú', 2, N'Số nhà 1', N'Quận Bắc Từ Liêm', N'0367180646', N'Thắng', N'Hà Nội', N'Phường Minh Khai', N'B11152023.21', NULL, NULL, N'Thanh toán khi nhận hàng (COD)', 0)
INSERT [dbo].[Bills] ([Id], [UserId], [CreateDate], [TotalAmount], [Note], [Status], [DiaChiCuThe], [Huyen], [SDTNhan], [TenNguoiNhan], [Tinh], [Xa], [BillCode], [CompletionDate], [ConfirmationDate], [PhuongThucTT], [PhiShip]) VALUES (N'8a674ff8-98da-4104-832f-9fcc37b2a4f6', N'861a5ad4-5890-46bf-95a5-fc85ae80367d', CAST(N'2023-11-17T02:14:43.8275062' AS DateTime2), 2280000, N'Không có ghi chú', 1, N'Số nhà 1', N'Quận Bắc Từ Liêm', N'0367180646', N'Thắng', N'Hà Nội', N'Phường Minh Khai', N'B11172023.3', NULL, NULL, N'Thanh toán khi nhận hàng (COD)', 30000)
INSERT [dbo].[Bills] ([Id], [UserId], [CreateDate], [TotalAmount], [Note], [Status], [DiaChiCuThe], [Huyen], [SDTNhan], [TenNguoiNhan], [Tinh], [Xa], [BillCode], [CompletionDate], [ConfirmationDate], [PhuongThucTT], [PhiShip]) VALUES (N'88071607-0592-421d-8d8d-ab4e5787fd86', N'861a5ad4-5890-46bf-95a5-fc85ae80367d', CAST(N'2023-11-16T03:00:35.0104940' AS DateTime2), 500000, N'Không có ghi chú', 3, N'Số nhà 1', N'Quận Bắc Từ Liêm', N'0367180646', N'Thắng', N'Hà Nội', N'Phường Minh Khai', N'B11162023.1', NULL, NULL, N'Thanh toán khi nhận hàng (COD)', 0)
INSERT [dbo].[Bills] ([Id], [UserId], [CreateDate], [TotalAmount], [Note], [Status], [DiaChiCuThe], [Huyen], [SDTNhan], [TenNguoiNhan], [Tinh], [Xa], [BillCode], [CompletionDate], [ConfirmationDate], [PhuongThucTT], [PhiShip]) VALUES (N'3d8d876b-febe-47e0-a392-bb6f8eb4c857', N'861a5ad4-5890-46bf-95a5-fc85ae80367d', CAST(N'2023-11-15T00:54:24.9037056' AS DateTime2), 250000, N'Không có ghi chú', 2, N'Số nhà 1', N'Quận Bắc Từ Liêm', N'0367180646', N'Thắng', N'Hà Nội', N'Phường Minh Khai', N'B11152023.7', NULL, NULL, N'Thanh toán khi nhận hàng (COD)', 0)
INSERT [dbo].[Bills] ([Id], [UserId], [CreateDate], [TotalAmount], [Note], [Status], [DiaChiCuThe], [Huyen], [SDTNhan], [TenNguoiNhan], [Tinh], [Xa], [BillCode], [CompletionDate], [ConfirmationDate], [PhuongThucTT], [PhiShip]) VALUES (N'69ced17a-58fb-46d8-bfbb-bbbe2295c79b', N'861a5ad4-5890-46bf-95a5-fc85ae80367d', CAST(N'2023-11-15T01:29:28.8574571' AS DateTime2), 1750000, N'Không có ghi chú', 2, N'Số nhà 1', N'Quận Bắc Từ Liêm', N'0367180646', N'Thắng', N'Hà Nội', N'Phường Minh Khai', N'B11152023.25', NULL, NULL, N'Thanh toán khi nhận hàng (COD)', 0)
GO
INSERT [dbo].[Carts] ([UserId], [Description], [Status]) VALUES (N'3e1ef0a0-9978-4a48-ad14-c808819ec723', N'', 1)
INSERT [dbo].[Carts] ([UserId], [Description], [Status]) VALUES (N'861a5ad4-5890-46bf-95a5-fc85ae80367d', N'', 1)
GO
INSERT [dbo].[BillItems] ([Id], [BillId], [ProductItemsId], [Quantity], [Price], [Status]) VALUES (N'e8860559-9232-4aab-b108-26f8817679c2', N'57fd0e52-03d6-49e2-8425-877123fe2605', N'a2f8f40e-e3eb-41e8-b1cc-35b3b0c6bbec', 7, 250000, 1)
INSERT [dbo].[BillItems] ([Id], [BillId], [ProductItemsId], [Quantity], [Price], [Status]) VALUES (N'5f109c99-d538-4564-86ef-30f5f07f0c00', N'635f9a3b-28cf-4a56-b25c-0344f351e0a4', N'b6fea6c5-fea1-49c7-80bb-4e703c91a905', 4, 250000, 1)
INSERT [dbo].[BillItems] ([Id], [BillId], [ProductItemsId], [Quantity], [Price], [Status]) VALUES (N'17b0262b-13cc-42d0-b55e-3618db5e4d9f', N'fcd72755-ac57-4aef-8da0-393260ab409f', N'dd5a54ef-375a-41ed-b439-10b9a4b28d7e', 4, 250000, 1)
INSERT [dbo].[BillItems] ([Id], [BillId], [ProductItemsId], [Quantity], [Price], [Status]) VALUES (N'a88a50e3-619a-45fe-a127-4284ffc37121', N'8a674ff8-98da-4104-832f-9fcc37b2a4f6', N'dd634415-4758-4e01-9401-20e148681866', 9, 250000, 1)
INSERT [dbo].[BillItems] ([Id], [BillId], [ProductItemsId], [Quantity], [Price], [Status]) VALUES (N'72933906-5a61-45c4-a1bb-447a706a17b6', N'c0e94c6e-5b90-4395-b2ee-0a23600297cf', N'218daa80-ee92-4ffb-85c8-0ed02f99367f', 3, 250000, 1)
INSERT [dbo].[BillItems] ([Id], [BillId], [ProductItemsId], [Quantity], [Price], [Status]) VALUES (N'048ebb6a-996b-4bca-9e49-6b9a5c16d99f', N'aa4445cd-fdb2-42ab-a553-64249cb17c29', N'6ca953a7-1d2e-40d6-b6c9-ca3223ae7b41', 4, 250000, 1)
INSERT [dbo].[BillItems] ([Id], [BillId], [ProductItemsId], [Quantity], [Price], [Status]) VALUES (N'5c514612-ae2d-4c31-9728-9119588f5e8a', N'88071607-0592-421d-8d8d-ab4e5787fd86', N'dd5a54ef-375a-41ed-b439-10b9a4b28d7e', 2, 250000, 1)
INSERT [dbo].[BillItems] ([Id], [BillId], [ProductItemsId], [Quantity], [Price], [Status]) VALUES (N'dbd11727-52cc-4d41-9f84-957d2c8b8174', N'69ced17a-58fb-46d8-bfbb-bbbe2295c79b', N'dd634415-4758-4e01-9401-20e148681866', 7, 250000, 1)
INSERT [dbo].[BillItems] ([Id], [BillId], [ProductItemsId], [Quantity], [Price], [Status]) VALUES (N'94524a89-15de-42de-bc88-d0b483306a01', N'88252ff3-bf21-43ea-8300-9a64ad593f41', N'b6fea6c5-fea1-49c7-80bb-4e703c91a905', 6, 250000, 1)
INSERT [dbo].[BillItems] ([Id], [BillId], [ProductItemsId], [Quantity], [Price], [Status]) VALUES (N'b1157bb8-1b71-4ad1-96d0-dd5cb6d37cfb', N'86200529-a918-415a-a4d4-70e6297efe42', N'218daa80-ee92-4ffb-85c8-0ed02f99367f', 10, 250000, 1)
GO
INSERT [dbo].[CartItems] ([Id], [UserId], [ProductItemId], [Status], [Price], [Quantity]) VALUES (N'85087654-1a44-43ae-83d1-0dd7675404d6', N'3e1ef0a0-9978-4a48-ad14-c808819ec723', N'01aad59c-9e6e-43bf-bcaf-b0998b32ed25', 1, 300000, 1)
INSERT [dbo].[CartItems] ([Id], [UserId], [ProductItemId], [Status], [Price], [Quantity]) VALUES (N'd0d7d2e3-cabf-4185-b191-f09c85f24466', N'3e1ef0a0-9978-4a48-ad14-c808819ec723', N'dd5a54ef-375a-41ed-b439-10b9a4b28d7e', 1, 300000, 5)
GO
INSERT [dbo].[Images] ([Id], [Name], [PathImage], [ProductItemId], [Status], [STT]) VALUES (N'df999792-6475-44cc-8127-06773ff262d9', N'', N'gh1 - Copy.webp', N'cefa9c7e-0e44-4703-8a57-010b8dfde027', 1, 0)
INSERT [dbo].[Images] ([Id], [Name], [PathImage], [ProductItemId], [Status], [STT]) VALUES (N'cc0a8561-ae29-4d3d-a451-077d1c571bfc', N'', N'012.webp', N'0885ee4f-7044-4c43-ba2d-12c8804e5674', 1, 0)
INSERT [dbo].[Images] ([Id], [Name], [PathImage], [ProductItemId], [Status], [STT]) VALUES (N'616dfcac-a675-4f6b-8789-0f212f3a5d50', N'', N'09.webp', N'6a2d4ec7-758b-4eda-92bd-0e926a764945', 1, 0)
INSERT [dbo].[Images] ([Id], [Name], [PathImage], [ProductItemId], [Status], [STT]) VALUES (N'cdce4375-4eea-40f4-86a8-11e6e655237a', N'', N'o14 - Copy.webp', N'16af3ac3-6d11-46ae-902b-096bb53c6a5e', 1, 0)
INSERT [dbo].[Images] ([Id], [Name], [PathImage], [ProductItemId], [Status], [STT]) VALUES (N'02584e54-e976-42d6-bef0-1426de4a3499', N'', N'09.webp', N'abf973b3-5532-418f-ba15-0f6b25383b56', 1, 0)
INSERT [dbo].[Images] ([Id], [Name], [PathImage], [ProductItemId], [Status], [STT]) VALUES (N'58dfb70e-b934-4c3e-816e-148494b909cf', N'', N'012 - Copy.webp', N'72c884ce-2996-4887-9f36-1831bb3d9612', 1, 0)
INSERT [dbo].[Images] ([Id], [Name], [PathImage], [ProductItemId], [Status], [STT]) VALUES (N'05794643-6fad-4d0c-9f20-1e648742b79a', N'', N'012 - Copy.webp', N'076baedd-2d10-4caf-a7fd-0d6ca93c5d36', 1, 0)
INSERT [dbo].[Images] ([Id], [Name], [PathImage], [ProductItemId], [Status], [STT]) VALUES (N'f5daff77-aacf-4eca-8b30-1eba900313f7', N'', N'deo4.webp', N'808e28b2-2b1f-41c1-b2d0-130e00714174', 1, 0)
INSERT [dbo].[Images] ([Id], [Name], [PathImage], [ProductItemId], [Status], [STT]) VALUES (N'edfca8fe-f31c-4cd7-b583-24550900e8f3', N'', N'010.webp', N'f8b53443-6fa8-4089-867e-04c0c14cd86d', 1, 0)
INSERT [dbo].[Images] ([Id], [Name], [PathImage], [ProductItemId], [Status], [STT]) VALUES (N'eda2823b-0c18-4f6b-9232-359393d081b5', N'', N'de1.webp', N'a79612aa-8ece-4759-bccb-08417042dc7b', 1, 0)
INSERT [dbo].[Images] ([Id], [Name], [PathImage], [ProductItemId], [Status], [STT]) VALUES (N'07e409dd-8c67-48bc-b026-371149dd7874', N'', N'o15 - Copy.webp', N'5b445d13-0fa6-4d44-9a25-07d8132ac92f', 1, 0)
INSERT [dbo].[Images] ([Id], [Name], [PathImage], [ProductItemId], [Status], [STT]) VALUES (N'ee86579b-df7b-4744-84b0-385ade8be888', N'', N'deo2.webp', N'7d2f7f6d-68cf-4454-93b5-0ff786c4e238', 1, 0)
INSERT [dbo].[Images] ([Id], [Name], [PathImage], [ProductItemId], [Status], [STT]) VALUES (N'4b208698-c94f-4ae9-ad55-42f531072ac0', N'', N'08.webp', N'7db1c232-eda6-4a41-96fe-30174e2dff58', 1, 0)
INSERT [dbo].[Images] ([Id], [Name], [PathImage], [ProductItemId], [Status], [STT]) VALUES (N'84daef89-faa9-44b8-9d5d-56df1e1dbbe5', N'', N'deo2.webp', N'218daa80-ee92-4ffb-85c8-0ed02f99367f', 1, 0)
INSERT [dbo].[Images] ([Id], [Name], [PathImage], [ProductItemId], [Status], [STT]) VALUES (N'e11ec763-8086-4df6-adba-588e6549753f', N'', N'gh1 - Copy.webp', N'2ec3cdd4-ceb6-4418-b2a6-14cec4f9f1d9', 1, 0)
INSERT [dbo].[Images] ([Id], [Name], [PathImage], [ProductItemId], [Status], [STT]) VALUES (N'dbf166b5-e39b-4aa6-aaea-76ef5afe3a8a', N'', N'o16.webp', N'a2f13f27-dc19-4d89-8900-13de5952d6ef', 1, 0)
INSERT [dbo].[Images] ([Id], [Name], [PathImage], [ProductItemId], [Status], [STT]) VALUES (N'130fb5fa-59be-48cf-adba-87aca534f96e', N'', N'o11 - Copy.webp', N'27ee4b55-f7d2-4e33-9410-0a90057b505c', 1, 0)
INSERT [dbo].[Images] ([Id], [Name], [PathImage], [ProductItemId], [Status], [STT]) VALUES (N'e2f381d1-87d4-475f-aac1-9898eb201c03', N'', N'o13.webp', N'93cadb0b-b5ca-40cc-8830-1954a0f1c8a7', 1, 0)
INSERT [dbo].[Images] ([Id], [Name], [PathImage], [ProductItemId], [Status], [STT]) VALUES (N'655d8054-6b12-4e22-85da-99d5ba2a68b2', N'', N'o14 - Copy.webp', N'6aa82f7e-3c9c-4e7d-8728-10350d7914b4', 1, 0)
INSERT [dbo].[Images] ([Id], [Name], [PathImage], [ProductItemId], [Status], [STT]) VALUES (N'923f1c8e-9e7b-46f9-a4dd-9b34e02574cc', N'Ảnh 2', N'', N'9210148d-9ffc-4198-87c9-7f37bc97de45', 1, 0)
INSERT [dbo].[Images] ([Id], [Name], [PathImage], [ProductItemId], [Status], [STT]) VALUES (N'6ff013c7-8cde-472b-9c3b-a9bcb569f6a3', N'', N'08.webp', N'49ce3d7b-9329-466e-8a69-0f6614729a6c', 1, 0)
INSERT [dbo].[Images] ([Id], [Name], [PathImage], [ProductItemId], [Status], [STT]) VALUES (N'edbe9604-f26e-4691-8412-af68c8e3b27c', N'', N'o15 - Copy.webp', N'c5f8ab9e-6612-4ada-9664-12cc117f5ca5', 1, 0)
INSERT [dbo].[Images] ([Id], [Name], [PathImage], [ProductItemId], [Status], [STT]) VALUES (N'38b6a67f-5329-4f14-bbe5-b05b8ecd63ef', N'', N'o13 - Copy.webp', N'9ceab39e-063d-458d-893b-1a7a723d3365', 1, 0)
INSERT [dbo].[Images] ([Id], [Name], [PathImage], [ProductItemId], [Status], [STT]) VALUES (N'6db27cad-d16a-4021-8392-b2c00600dc84', N'', N'gh1 - Copy.webp', N'ca456934-ab08-4e83-b042-0b214e59f341', 1, 0)
INSERT [dbo].[Images] ([Id], [Name], [PathImage], [ProductItemId], [Status], [STT]) VALUES (N'1754c2e3-509b-41bb-b166-ba3080864d30', N'', N'012.webp', N'78094983-69d8-4e01-8a19-02436f488cfd', 1, 0)
INSERT [dbo].[Images] ([Id], [Name], [PathImage], [ProductItemId], [Status], [STT]) VALUES (N'e3ed709a-88c3-4625-96d5-c40d7185b66d', N'', N'03.webp', N'e228738c-952b-42a4-9b13-03836a422869', 1, 0)
INSERT [dbo].[Images] ([Id], [Name], [PathImage], [ProductItemId], [Status], [STT]) VALUES (N'372fba48-83fa-456b-88ba-c4a3bb855dc3', N'', N'012.webp', N'e8325143-5a0a-48d9-a194-097fba64a31e', 1, 0)
INSERT [dbo].[Images] ([Id], [Name], [PathImage], [ProductItemId], [Status], [STT]) VALUES (N'7a801d9b-57ca-4ed3-aae5-d0370352ac9a', N'', N'012 - Copy.webp', N'acb3aa4f-1ba2-4f47-9dca-03ec19a0de36', 1, 0)
INSERT [dbo].[Images] ([Id], [Name], [PathImage], [ProductItemId], [Status], [STT]) VALUES (N'ec4a12c8-a40e-4858-97b8-d300acbde619', N'', N'010.webp', N'be7aa0aa-47c2-4477-8434-272f9bde4c5e', 1, 0)
INSERT [dbo].[Images] ([Id], [Name], [PathImage], [ProductItemId], [Status], [STT]) VALUES (N'85429cda-7c3d-47dd-90d9-d6c03f288beb', N'', N'09 - Copy.webp', N'4fb4a7cc-d2d3-4451-953d-08f69783133d', 1, 0)
INSERT [dbo].[Images] ([Id], [Name], [PathImage], [ProductItemId], [Status], [STT]) VALUES (N'a3409ffb-bab0-481f-b602-e053aa211293', N'', N'010 - Copy.webp', N'47fe58e6-1134-43ef-ac09-0a005a494cd7', 1, 0)
INSERT [dbo].[Images] ([Id], [Name], [PathImage], [ProductItemId], [Status], [STT]) VALUES (N'd4559336-fe27-45ac-8f73-e4b5e97e51d9', N'', N'012 - Copy.webp', N'8c7c870e-d650-45ba-9107-72c0724df6f7', 1, 0)
INSERT [dbo].[Images] ([Id], [Name], [PathImage], [ProductItemId], [Status], [STT]) VALUES (N'02ab25b4-0ee0-411e-85bd-e6e719018291', N'', N'gh1.webp', N'dd5a54ef-375a-41ed-b439-10b9a4b28d7e', 1, 0)
INSERT [dbo].[Images] ([Id], [Name], [PathImage], [ProductItemId], [Status], [STT]) VALUES (N'd25514ba-bcb7-49bc-85c2-e7379129b5ce', N'', N'o11 - Copy.webp', N'80946317-347d-4ae7-980a-0ac1012b0749', 1, 0)
INSERT [dbo].[Images] ([Id], [Name], [PathImage], [ProductItemId], [Status], [STT]) VALUES (N'7ed79d81-e007-45cf-8d31-eb1b9eb11f2e', N'', N'gh1 - Copy.webp', N'a279c975-2b8a-4e41-b435-0eda43f96d8b', 1, 0)
GO
INSERT [dbo].[__EFMigrationsHistory] ([MigrationId], [ProductVersion]) VALUES (N'20230927073931_create_db', N'6.0.16')
INSERT [dbo].[__EFMigrationsHistory] ([MigrationId], [ProductVersion]) VALUES (N'20230927074214_update_db', N'6.0.16')
INSERT [dbo].[__EFMigrationsHistory] ([MigrationId], [ProductVersion]) VALUES (N'20230927164818_update-database2', N'6.0.16')
INSERT [dbo].[__EFMigrationsHistory] ([MigrationId], [ProductVersion]) VALUES (N'20230928094256_update-db3', N'6.0.16')
INSERT [dbo].[__EFMigrationsHistory] ([MigrationId], [ProductVersion]) VALUES (N'20231013163015_5', N'6.0.16')
INSERT [dbo].[__EFMigrationsHistory] ([MigrationId], [ProductVersion]) VALUES (N'20231013163202_6', N'6.0.16')
INSERT [dbo].[__EFMigrationsHistory] ([MigrationId], [ProductVersion]) VALUES (N'20231014043642_7', N'6.0.16')
INSERT [dbo].[__EFMigrationsHistory] ([MigrationId], [ProductVersion]) VALUES (N'20231019072551_14', N'6.0.16')
INSERT [dbo].[__EFMigrationsHistory] ([MigrationId], [ProductVersion]) VALUES (N'20231028094137_18', N'6.0.16')
INSERT [dbo].[__EFMigrationsHistory] ([MigrationId], [ProductVersion]) VALUES (N'20231029165959_19', N'6.0.16')
INSERT [dbo].[__EFMigrationsHistory] ([MigrationId], [ProductVersion]) VALUES (N'20231030084652_20', N'6.0.16')
INSERT [dbo].[__EFMigrationsHistory] ([MigrationId], [ProductVersion]) VALUES (N'20231110163159_21', N'6.0.16')
INSERT [dbo].[__EFMigrationsHistory] ([MigrationId], [ProductVersion]) VALUES (N'20231111164620_22', N'6.0.16')
INSERT [dbo].[__EFMigrationsHistory] ([MigrationId], [ProductVersion]) VALUES (N'20231115200306_23', N'6.0.16')
INSERT [dbo].[__EFMigrationsHistory] ([MigrationId], [ProductVersion]) VALUES (N'20231117145334_24', N'6.0.16')
INSERT [dbo].[__EFMigrationsHistory] ([MigrationId], [ProductVersion]) VALUES (N'20231117165720_25', N'6.0.16')
GO
